starttime	seconds	ctime	dtime	ttime	wait
Thu Aug 17 12:21:11 2017	1502990471	0	63	63	63
Thu Aug 17 12:21:11 2017	1502990471	0	64	64	63
Thu Aug 17 12:21:11 2017	1502990471	0	67	67	67
Thu Aug 17 12:21:11 2017	1502990471	0	68	68	67
Thu Aug 17 12:21:11 2017	1502990471	0	68	68	67
Thu Aug 17 12:21:11 2017	1502990471	0	69	70	69
Thu Aug 17 12:21:11 2017	1502990471	0	70	70	69
Thu Aug 17 12:21:11 2017	1502990471	0	72	72	72
Thu Aug 17 12:21:11 2017	1502990471	0	74	74	73
Thu Aug 17 12:21:11 2017	1502990471	0	76	76	75
Thu Aug 17 12:21:11 2017	1502990471	0	76	77	76
Thu Aug 17 12:21:11 2017	1502990471	0	79	79	78
Thu Aug 17 12:21:11 2017	1502990471	0	79	79	78
Thu Aug 17 12:21:11 2017	1502990471	0	83	83	82
Thu Aug 17 12:21:11 2017	1502990471	0	83	83	82
Thu Aug 17 12:21:11 2017	1502990471	0	84	84	83
Thu Aug 17 12:21:11 2017	1502990471	0	85	85	84
Thu Aug 17 12:21:11 2017	1502990471	0	86	86	85
Thu Aug 17 12:21:11 2017	1502990471	0	88	89	87
Thu Aug 17 12:21:11 2017	1502990471	0	89	89	88
Thu Aug 17 12:21:11 2017	1502990471	0	92	92	91
Thu Aug 17 12:21:11 2017	1502990471	0	92	93	92
Thu Aug 17 12:21:11 2017	1502990471	0	95	95	94
Thu Aug 17 12:21:11 2017	1502990471	0	95	95	94
Thu Aug 17 12:21:11 2017	1502990471	0	95	95	94
Thu Aug 17 12:21:11 2017	1502990471	0	97	98	96
Thu Aug 17 12:21:11 2017	1502990471	0	98	98	97
Thu Aug 17 12:21:11 2017	1502990471	0	100	100	99
Thu Aug 17 12:21:11 2017	1502990471	0	101	101	100
Thu Aug 17 12:21:11 2017	1502990471	0	103	103	101
Thu Aug 17 12:21:11 2017	1502990471	0	106	106	105
Thu Aug 17 12:21:11 2017	1502990471	0	106	106	105
Thu Aug 17 12:21:11 2017	1502990471	0	106	107	105
Thu Aug 17 12:21:11 2017	1502990471	0	108	108	107
Thu Aug 17 12:21:11 2017	1502990471	0	110	110	109
Thu Aug 17 12:21:11 2017	1502990471	0	110	110	108
Thu Aug 17 12:21:11 2017	1502990471	0	112	113	110
Thu Aug 17 12:21:11 2017	1502990471	0	113	113	111
Thu Aug 17 12:21:09 2017	1502990469	0	113	113	112
Thu Aug 17 12:21:09 2017	1502990469	0	114	114	112
Thu Aug 17 12:21:11 2017	1502990471	0	114	114	113
Thu Aug 17 12:21:11 2017	1502990471	0	114	114	111
Thu Aug 17 12:21:09 2017	1502990469	0	114	114	112
Thu Aug 17 12:21:09 2017	1502990469	0	114	114	112
Thu Aug 17 12:21:11 2017	1502990471	0	114	114	113
Thu Aug 17 12:21:09 2017	1502990469	0	114	115	112
Thu Aug 17 12:21:11 2017	1502990471	0	114	115	113
Thu Aug 17 12:21:11 2017	1502990471	0	114	115	113
Thu Aug 17 12:21:09 2017	1502990469	0	115	115	112
Thu Aug 17 12:21:11 2017	1502990471	0	115	115	114
Thu Aug 17 12:21:11 2017	1502990471	0	115	115	113
Thu Aug 17 12:21:11 2017	1502990471	0	115	115	111
Thu Aug 17 12:21:10 2017	1502990470	0	115	115	112
Thu Aug 17 12:21:09 2017	1502990469	0	115	115	111
Thu Aug 17 12:21:11 2017	1502990471	0	115	115	114
Thu Aug 17 12:21:09 2017	1502990469	0	115	115	114
Thu Aug 17 12:21:11 2017	1502990471	0	115	115	114
Thu Aug 17 12:21:11 2017	1502990471	0	115	115	114
Thu Aug 17 12:21:09 2017	1502990469	0	115	115	114
Thu Aug 17 12:21:10 2017	1502990470	0	115	115	114
Thu Aug 17 12:21:11 2017	1502990471	0	115	115	114
Thu Aug 17 12:21:09 2017	1502990469	0	115	115	114
Thu Aug 17 12:21:11 2017	1502990471	0	115	115	114
Thu Aug 17 12:21:10 2017	1502990470	0	115	115	114
Thu Aug 17 12:21:11 2017	1502990471	0	115	116	113
Thu Aug 17 12:21:09 2017	1502990469	0	115	116	113
Thu Aug 17 12:21:11 2017	1502990471	0	116	116	112
Thu Aug 17 12:21:11 2017	1502990471	0	116	116	115
Thu Aug 17 12:21:11 2017	1502990471	0	116	116	114
Thu Aug 17 12:21:09 2017	1502990469	0	116	116	114
Thu Aug 17 12:21:09 2017	1502990469	0	116	116	115
Thu Aug 17 12:21:10 2017	1502990470	0	116	116	114
Thu Aug 17 12:21:09 2017	1502990469	0	116	116	114
Thu Aug 17 12:21:10 2017	1502990470	0	116	116	114
Thu Aug 17 12:21:09 2017	1502990469	0	116	116	115
Thu Aug 17 12:21:09 2017	1502990469	0	116	116	115
Thu Aug 17 12:21:11 2017	1502990471	0	116	116	115
Thu Aug 17 12:21:09 2017	1502990469	0	116	116	115
Thu Aug 17 12:21:09 2017	1502990469	0	116	116	115
Thu Aug 17 12:21:11 2017	1502990471	0	116	116	115
Thu Aug 17 12:21:09 2017	1502990469	0	116	116	115
Thu Aug 17 12:21:11 2017	1502990471	0	116	116	113
Thu Aug 17 12:21:09 2017	1502990469	0	116	116	115
Thu Aug 17 12:21:09 2017	1502990469	0	116	116	113
Thu Aug 17 12:21:09 2017	1502990469	0	116	116	115
Thu Aug 17 12:21:10 2017	1502990470	0	116	116	114
Thu Aug 17 12:21:11 2017	1502990471	0	116	116	115
Thu Aug 17 12:21:09 2017	1502990469	0	116	116	112
Thu Aug 17 12:21:10 2017	1502990470	0	116	116	114
Thu Aug 17 12:21:09 2017	1502990469	0	116	116	113
Thu Aug 17 12:21:11 2017	1502990471	0	116	116	115
Thu Aug 17 12:21:09 2017	1502990469	0	116	116	113
Thu Aug 17 12:21:09 2017	1502990469	0	116	116	114
Thu Aug 17 12:21:11 2017	1502990471	0	116	116	113
Thu Aug 17 12:21:11 2017	1502990471	0	116	116	113
Thu Aug 17 12:21:09 2017	1502990469	0	116	116	113
Thu Aug 17 12:21:10 2017	1502990470	0	116	116	114
Thu Aug 17 12:21:09 2017	1502990469	0	116	116	113
Thu Aug 17 12:21:11 2017	1502990471	0	116	116	113
Thu Aug 17 12:21:11 2017	1502990471	0	116	116	115
Thu Aug 17 12:21:10 2017	1502990470	0	116	116	115
Thu Aug 17 12:21:11 2017	1502990471	0	116	116	113
Thu Aug 17 12:21:10 2017	1502990470	0	116	116	115
Thu Aug 17 12:21:09 2017	1502990469	0	116	116	115
Thu Aug 17 12:21:10 2017	1502990470	0	116	116	114
Thu Aug 17 12:21:10 2017	1502990470	0	116	116	116
Thu Aug 17 12:21:09 2017	1502990469	0	116	116	113
Thu Aug 17 12:21:09 2017	1502990469	0	116	117	113
Thu Aug 17 12:21:11 2017	1502990471	0	116	117	115
Thu Aug 17 12:21:09 2017	1502990469	0	116	117	116
Thu Aug 17 12:21:11 2017	1502990471	0	116	117	112
Thu Aug 17 12:21:11 2017	1502990471	0	116	117	115
Thu Aug 17 12:21:10 2017	1502990470	0	116	117	115
Thu Aug 17 12:21:11 2017	1502990471	0	117	117	113
Thu Aug 17 12:21:10 2017	1502990470	0	116	117	115
Thu Aug 17 12:21:11 2017	1502990471	0	117	117	114
Thu Aug 17 12:21:09 2017	1502990469	0	117	117	116
Thu Aug 17 12:21:11 2017	1502990471	0	117	117	114
Thu Aug 17 12:21:11 2017	1502990471	0	117	117	114
Thu Aug 17 12:21:10 2017	1502990470	0	117	117	113
Thu Aug 17 12:21:10 2017	1502990470	0	117	117	116
Thu Aug 17 12:21:09 2017	1502990469	0	117	117	116
Thu Aug 17 12:21:09 2017	1502990469	0	117	117	116
Thu Aug 17 12:21:09 2017	1502990469	0	117	117	114
Thu Aug 17 12:21:09 2017	1502990469	0	117	117	115
Thu Aug 17 12:21:11 2017	1502990471	0	117	117	115
Thu Aug 17 12:21:11 2017	1502990471	0	117	117	115
Thu Aug 17 12:21:11 2017	1502990471	0	117	117	113
Thu Aug 17 12:21:09 2017	1502990469	0	117	117	115
Thu Aug 17 12:21:10 2017	1502990470	0	117	117	114
Thu Aug 17 12:21:10 2017	1502990470	0	117	117	115
Thu Aug 17 12:21:09 2017	1502990469	0	117	117	115
Thu Aug 17 12:21:10 2017	1502990470	0	117	117	115
Thu Aug 17 12:21:11 2017	1502990471	0	117	117	116
Thu Aug 17 12:21:10 2017	1502990470	0	117	117	116
Thu Aug 17 12:21:10 2017	1502990470	0	117	117	116
Thu Aug 17 12:21:10 2017	1502990470	0	117	117	116
Thu Aug 17 12:21:09 2017	1502990469	0	117	117	113
Thu Aug 17 12:21:11 2017	1502990471	0	117	117	114
Thu Aug 17 12:21:10 2017	1502990470	0	117	117	113
Thu Aug 17 12:21:10 2017	1502990470	0	117	117	114
Thu Aug 17 12:21:09 2017	1502990469	0	117	117	115
Thu Aug 17 12:21:11 2017	1502990471	0	117	117	116
Thu Aug 17 12:21:10 2017	1502990470	0	117	117	116
Thu Aug 17 12:21:10 2017	1502990470	0	117	117	114
Thu Aug 17 12:21:10 2017	1502990470	0	117	117	114
Thu Aug 17 12:21:09 2017	1502990469	0	117	117	114
Thu Aug 17 12:21:10 2017	1502990470	0	117	117	116
Thu Aug 17 12:21:09 2017	1502990469	0	117	117	116
Thu Aug 17 12:21:09 2017	1502990469	0	117	117	116
Thu Aug 17 12:21:10 2017	1502990470	0	117	117	116
Thu Aug 17 12:21:09 2017	1502990469	0	117	117	116
Thu Aug 17 12:21:10 2017	1502990470	0	117	117	116
Thu Aug 17 12:21:09 2017	1502990469	0	117	117	116
Thu Aug 17 12:21:09 2017	1502990469	0	117	117	116
Thu Aug 17 12:21:09 2017	1502990469	0	117	117	116
Thu Aug 17 12:21:09 2017	1502990469	0	117	117	114
Thu Aug 17 12:21:09 2017	1502990469	0	117	117	113
Thu Aug 17 12:21:10 2017	1502990470	0	117	117	115
Thu Aug 17 12:21:10 2017	1502990470	0	117	117	116
Thu Aug 17 12:21:11 2017	1502990471	0	117	117	113
Thu Aug 17 12:21:10 2017	1502990470	0	117	117	114
Thu Aug 17 12:21:11 2017	1502990471	0	117	117	114
Thu Aug 17 12:21:09 2017	1502990469	0	117	117	115
Thu Aug 17 12:21:10 2017	1502990470	0	117	117	114
Thu Aug 17 12:21:09 2017	1502990469	0	117	117	114
Thu Aug 17 12:21:09 2017	1502990469	1	116	117	113
Thu Aug 17 12:21:10 2017	1502990470	0	117	117	114
Thu Aug 17 12:21:09 2017	1502990469	0	117	117	115
Thu Aug 17 12:21:09 2017	1502990469	0	117	117	117
Thu Aug 17 12:21:09 2017	1502990469	0	117	117	116
Thu Aug 17 12:21:09 2017	1502990469	0	117	117	113
Thu Aug 17 12:21:10 2017	1502990470	0	117	117	116
Thu Aug 17 12:21:09 2017	1502990469	0	117	117	116
Thu Aug 17 12:21:09 2017	1502990469	0	117	117	116
Thu Aug 17 12:21:10 2017	1502990470	0	117	117	116
Thu Aug 17 12:21:11 2017	1502990471	0	117	117	116
Thu Aug 17 12:21:09 2017	1502990469	0	117	117	113
Thu Aug 17 12:21:10 2017	1502990470	0	117	117	113
Thu Aug 17 12:21:09 2017	1502990469	0	117	117	114
Thu Aug 17 12:21:09 2017	1502990469	0	117	117	116
Thu Aug 17 12:21:10 2017	1502990470	0	117	117	116
Thu Aug 17 12:21:09 2017	1502990469	0	117	118	116
Thu Aug 17 12:21:09 2017	1502990469	0	117	118	115
Thu Aug 17 12:21:09 2017	1502990469	0	117	118	116
Thu Aug 17 12:21:10 2017	1502990470	0	117	118	116
Thu Aug 17 12:21:10 2017	1502990470	0	117	118	115
Thu Aug 17 12:21:09 2017	1502990469	0	117	118	116
Thu Aug 17 12:21:09 2017	1502990469	0	117	118	116
Thu Aug 17 12:21:09 2017	1502990469	0	117	118	116
Thu Aug 17 12:21:10 2017	1502990470	0	117	118	116
Thu Aug 17 12:21:09 2017	1502990469	0	117	118	115
Thu Aug 17 12:21:09 2017	1502990469	0	118	118	115
Thu Aug 17 12:21:09 2017	1502990469	0	117	118	115
Thu Aug 17 12:21:09 2017	1502990469	0	117	118	115
Thu Aug 17 12:21:10 2017	1502990470	0	117	118	115
Thu Aug 17 12:21:09 2017	1502990469	0	118	118	115
Thu Aug 17 12:21:09 2017	1502990469	0	117	118	117
Thu Aug 17 12:21:09 2017	1502990469	0	117	118	117
Thu Aug 17 12:21:09 2017	1502990469	0	118	118	114
Thu Aug 17 12:21:09 2017	1502990469	0	117	118	116
Thu Aug 17 12:21:11 2017	1502990471	0	118	118	116
Thu Aug 17 12:21:09 2017	1502990469	0	118	118	117
Thu Aug 17 12:21:10 2017	1502990470	0	118	118	116
Thu Aug 17 12:21:10 2017	1502990470	0	118	118	114
Thu Aug 17 12:21:10 2017	1502990470	0	118	118	117
Thu Aug 17 12:21:10 2017	1502990470	0	118	118	116
Thu Aug 17 12:21:11 2017	1502990471	0	117	118	114
Thu Aug 17 12:21:10 2017	1502990470	0	118	118	116
Thu Aug 17 12:21:11 2017	1502990471	0	118	118	115
Thu Aug 17 12:21:09 2017	1502990469	0	118	118	116
Thu Aug 17 12:21:09 2017	1502990469	0	118	118	114
Thu Aug 17 12:21:09 2017	1502990469	0	118	118	117
Thu Aug 17 12:21:11 2017	1502990471	0	117	118	116
Thu Aug 17 12:21:09 2017	1502990469	0	118	118	117
Thu Aug 17 12:21:10 2017	1502990470	0	118	118	115
Thu Aug 17 12:21:11 2017	1502990471	0	118	118	116
Thu Aug 17 12:21:10 2017	1502990470	0	118	118	117
Thu Aug 17 12:21:09 2017	1502990469	0	118	118	114
Thu Aug 17 12:21:10 2017	1502990470	0	118	118	117
Thu Aug 17 12:21:09 2017	1502990469	0	118	118	115
Thu Aug 17 12:21:09 2017	1502990469	0	118	118	114
Thu Aug 17 12:21:09 2017	1502990469	0	118	118	116
Thu Aug 17 12:21:09 2017	1502990469	0	118	118	115
Thu Aug 17 12:21:09 2017	1502990469	0	118	118	115
Thu Aug 17 12:21:11 2017	1502990471	0	118	118	117
Thu Aug 17 12:21:11 2017	1502990471	0	118	118	117
Thu Aug 17 12:21:09 2017	1502990469	0	118	118	115
Thu Aug 17 12:21:10 2017	1502990470	0	118	118	117
Thu Aug 17 12:21:10 2017	1502990470	0	118	118	116
Thu Aug 17 12:21:11 2017	1502990471	0	118	118	116
Thu Aug 17 12:21:10 2017	1502990470	0	118	118	117
Thu Aug 17 12:21:09 2017	1502990469	0	118	118	115
Thu Aug 17 12:21:09 2017	1502990469	0	118	118	114
Thu Aug 17 12:21:10 2017	1502990470	0	118	118	117
Thu Aug 17 12:21:09 2017	1502990469	0	118	118	116
Thu Aug 17 12:21:09 2017	1502990469	0	118	118	117
Thu Aug 17 12:21:11 2017	1502990471	0	118	118	117
Thu Aug 17 12:21:10 2017	1502990470	0	118	118	117
Thu Aug 17 12:21:11 2017	1502990471	0	118	118	117
Thu Aug 17 12:21:10 2017	1502990470	0	118	118	115
Thu Aug 17 12:21:09 2017	1502990469	0	118	118	117
Thu Aug 17 12:21:10 2017	1502990470	0	118	118	114
Thu Aug 17 12:21:09 2017	1502990469	0	118	118	117
Thu Aug 17 12:21:09 2017	1502990469	0	118	118	115
Thu Aug 17 12:21:09 2017	1502990469	0	118	118	114
Thu Aug 17 12:21:10 2017	1502990470	0	118	118	117
Thu Aug 17 12:21:10 2017	1502990470	0	118	118	116
Thu Aug 17 12:21:09 2017	1502990469	0	118	118	114
Thu Aug 17 12:21:09 2017	1502990469	0	118	118	117
Thu Aug 17 12:21:09 2017	1502990469	0	118	118	116
Thu Aug 17 12:21:08 2017	1502990468	0	118	118	117
Thu Aug 17 12:21:09 2017	1502990469	0	118	118	116
Thu Aug 17 12:21:09 2017	1502990469	0	118	118	114
Thu Aug 17 12:21:09 2017	1502990469	0	118	118	117
Thu Aug 17 12:21:09 2017	1502990469	0	118	118	115
Thu Aug 17 12:21:09 2017	1502990469	0	118	118	114
Thu Aug 17 12:21:11 2017	1502990471	0	118	118	116
Thu Aug 17 12:21:09 2017	1502990469	0	118	118	117
Thu Aug 17 12:21:09 2017	1502990469	0	118	118	117
Thu Aug 17 12:21:09 2017	1502990469	0	118	118	115
Thu Aug 17 12:21:09 2017	1502990469	0	118	118	117
Thu Aug 17 12:21:09 2017	1502990469	0	118	118	117
Thu Aug 17 12:21:09 2017	1502990469	0	118	118	117
Thu Aug 17 12:21:10 2017	1502990470	0	118	118	115
Thu Aug 17 12:21:09 2017	1502990469	0	118	118	115
Thu Aug 17 12:21:09 2017	1502990469	0	118	118	117
Thu Aug 17 12:21:10 2017	1502990470	0	118	118	114
Thu Aug 17 12:21:10 2017	1502990470	0	118	118	114
Thu Aug 17 12:21:11 2017	1502990471	0	118	118	117
Thu Aug 17 12:21:10 2017	1502990470	0	118	118	117
Thu Aug 17 12:21:09 2017	1502990469	0	118	118	116
Thu Aug 17 12:21:11 2017	1502990471	0	118	118	117
Thu Aug 17 12:21:11 2017	1502990471	0	118	118	117
Thu Aug 17 12:21:09 2017	1502990469	0	118	118	116
Thu Aug 17 12:21:09 2017	1502990469	0	118	118	115
Thu Aug 17 12:21:09 2017	1502990469	0	118	118	117
Thu Aug 17 12:21:10 2017	1502990470	0	118	118	116
Thu Aug 17 12:21:10 2017	1502990470	0	118	118	117
Thu Aug 17 12:21:09 2017	1502990469	0	118	118	115
Thu Aug 17 12:21:10 2017	1502990470	0	118	118	117
Thu Aug 17 12:21:10 2017	1502990470	0	118	118	116
Thu Aug 17 12:21:09 2017	1502990469	0	118	118	116
Thu Aug 17 12:21:09 2017	1502990469	0	118	118	117
Thu Aug 17 12:21:10 2017	1502990470	0	118	118	116
Thu Aug 17 12:21:09 2017	1502990469	0	118	118	115
Thu Aug 17 12:21:09 2017	1502990469	0	118	118	115
Thu Aug 17 12:21:10 2017	1502990470	0	118	118	117
Thu Aug 17 12:21:09 2017	1502990469	0	118	118	117
Thu Aug 17 12:21:09 2017	1502990469	0	118	118	117
Thu Aug 17 12:21:09 2017	1502990469	0	118	118	115
Thu Aug 17 12:21:10 2017	1502990470	0	118	118	117
Thu Aug 17 12:21:10 2017	1502990470	0	118	118	115
Thu Aug 17 12:21:10 2017	1502990470	0	118	118	117
Thu Aug 17 12:21:11 2017	1502990471	0	118	118	116
Thu Aug 17 12:21:10 2017	1502990470	0	118	118	116
Thu Aug 17 12:21:10 2017	1502990470	0	118	118	115
Thu Aug 17 12:21:10 2017	1502990470	0	118	118	117
Thu Aug 17 12:21:09 2017	1502990469	0	118	118	117
Thu Aug 17 12:21:10 2017	1502990470	0	118	118	116
Thu Aug 17 12:21:09 2017	1502990469	0	118	118	114
Thu Aug 17 12:21:11 2017	1502990471	0	118	118	117
Thu Aug 17 12:21:10 2017	1502990470	0	118	118	115
Thu Aug 17 12:21:09 2017	1502990469	0	118	118	115
Thu Aug 17 12:21:10 2017	1502990470	0	118	118	115
Thu Aug 17 12:21:11 2017	1502990471	0	118	118	117
Thu Aug 17 12:21:09 2017	1502990469	0	118	118	115
Thu Aug 17 12:21:10 2017	1502990470	0	118	118	117
Thu Aug 17 12:21:10 2017	1502990470	0	118	118	116
Thu Aug 17 12:21:10 2017	1502990470	0	118	118	115
Thu Aug 17 12:21:09 2017	1502990469	0	118	118	116
Thu Aug 17 12:21:09 2017	1502990469	0	118	118	114
Thu Aug 17 12:21:09 2017	1502990469	0	118	118	117
Thu Aug 17 12:21:09 2017	1502990469	0	118	118	116
Thu Aug 17 12:21:09 2017	1502990469	0	118	118	115
Thu Aug 17 12:21:10 2017	1502990470	0	118	118	117
Thu Aug 17 12:21:10 2017	1502990470	0	118	118	117
Thu Aug 17 12:21:11 2017	1502990471	0	118	118	117
Thu Aug 17 12:21:10 2017	1502990470	0	118	118	115
Thu Aug 17 12:21:11 2017	1502990471	0	118	118	117
Thu Aug 17 12:21:09 2017	1502990469	0	118	118	115
Thu Aug 17 12:21:10 2017	1502990470	0	118	118	115
Thu Aug 17 12:21:09 2017	1502990469	0	118	118	117
Thu Aug 17 12:21:10 2017	1502990470	0	118	118	116
Thu Aug 17 12:21:09 2017	1502990469	0	118	118	117
Thu Aug 17 12:21:10 2017	1502990470	0	118	118	117
Thu Aug 17 12:21:10 2017	1502990470	0	118	118	114
Thu Aug 17 12:21:11 2017	1502990471	0	118	118	117
Thu Aug 17 12:21:11 2017	1502990471	0	118	118	115
Thu Aug 17 12:21:11 2017	1502990471	0	118	118	116
Thu Aug 17 12:21:09 2017	1502990469	0	118	118	114
Thu Aug 17 12:21:09 2017	1502990469	0	118	118	117
Thu Aug 17 12:21:10 2017	1502990470	0	118	118	115
Thu Aug 17 12:21:10 2017	1502990470	0	118	118	115
Thu Aug 17 12:21:09 2017	1502990469	0	118	118	116
Thu Aug 17 12:21:09 2017	1502990469	0	118	118	117
Thu Aug 17 12:21:09 2017	1502990469	0	118	118	116
Thu Aug 17 12:21:10 2017	1502990470	0	118	118	117
Thu Aug 17 12:21:10 2017	1502990470	0	118	118	114
Thu Aug 17 12:21:10 2017	1502990470	0	118	118	117
Thu Aug 17 12:21:10 2017	1502990470	0	118	118	117
Thu Aug 17 12:21:09 2017	1502990469	0	118	118	114
Thu Aug 17 12:21:11 2017	1502990471	0	118	118	117
Thu Aug 17 12:21:09 2017	1502990469	0	118	118	114
Thu Aug 17 12:21:09 2017	1502990469	0	118	118	117
Thu Aug 17 12:21:09 2017	1502990469	0	118	118	115
Thu Aug 17 12:21:10 2017	1502990470	0	118	118	117
Thu Aug 17 12:21:09 2017	1502990469	0	118	118	117
Thu Aug 17 12:21:09 2017	1502990469	0	118	118	115
Thu Aug 17 12:21:09 2017	1502990469	0	118	119	118
Thu Aug 17 12:21:09 2017	1502990469	0	118	119	115
Thu Aug 17 12:21:10 2017	1502990470	0	118	119	117
Thu Aug 17 12:21:10 2017	1502990470	0	118	119	117
Thu Aug 17 12:21:10 2017	1502990470	0	118	119	117
Thu Aug 17 12:21:09 2017	1502990469	0	118	119	115
Thu Aug 17 12:21:10 2017	1502990470	0	118	119	117
Thu Aug 17 12:21:10 2017	1502990470	0	118	119	117
Thu Aug 17 12:21:09 2017	1502990469	0	118	119	117
Thu Aug 17 12:21:09 2017	1502990469	0	118	119	116
Thu Aug 17 12:21:11 2017	1502990471	0	118	119	117
Thu Aug 17 12:21:10 2017	1502990470	0	118	119	117
Thu Aug 17 12:21:10 2017	1502990470	0	118	119	115
Thu Aug 17 12:21:10 2017	1502990470	0	118	119	115
Thu Aug 17 12:21:11 2017	1502990471	0	118	119	117
Thu Aug 17 12:21:09 2017	1502990469	0	118	119	115
Thu Aug 17 12:21:09 2017	1502990469	0	118	119	115
Thu Aug 17 12:21:11 2017	1502990471	0	118	119	117
Thu Aug 17 12:21:10 2017	1502990470	0	118	119	116
Thu Aug 17 12:21:10 2017	1502990470	0	118	119	115
Thu Aug 17 12:21:11 2017	1502990471	0	119	119	118
Thu Aug 17 12:21:09 2017	1502990469	0	118	119	117
Thu Aug 17 12:21:11 2017	1502990471	0	118	119	117
Thu Aug 17 12:21:11 2017	1502990471	0	118	119	116
Thu Aug 17 12:21:10 2017	1502990470	0	118	119	117
Thu Aug 17 12:21:10 2017	1502990470	0	118	119	118
Thu Aug 17 12:21:11 2017	1502990471	0	118	119	115
Thu Aug 17 12:21:11 2017	1502990471	0	118	119	114
Thu Aug 17 12:21:10 2017	1502990470	0	118	119	115
Thu Aug 17 12:21:10 2017	1502990470	0	118	119	116
Thu Aug 17 12:21:09 2017	1502990469	0	118	119	118
Thu Aug 17 12:21:09 2017	1502990469	0	118	119	117
Thu Aug 17 12:21:10 2017	1502990470	0	118	119	115
Thu Aug 17 12:21:09 2017	1502990469	0	119	119	118
Thu Aug 17 12:21:09 2017	1502990469	0	119	119	117
Thu Aug 17 12:21:09 2017	1502990469	0	118	119	117
Thu Aug 17 12:21:09 2017	1502990469	0	119	119	117
Thu Aug 17 12:21:09 2017	1502990469	0	119	119	118
Thu Aug 17 12:21:10 2017	1502990470	0	119	119	117
Thu Aug 17 12:21:09 2017	1502990469	0	119	119	115
Thu Aug 17 12:21:11 2017	1502990471	0	119	119	115
Thu Aug 17 12:21:09 2017	1502990469	0	119	119	117
Thu Aug 17 12:21:09 2017	1502990469	0	119	119	117
Thu Aug 17 12:21:11 2017	1502990471	0	119	119	118
Thu Aug 17 12:21:10 2017	1502990470	0	119	119	116
Thu Aug 17 12:21:09 2017	1502990469	0	119	119	116
Thu Aug 17 12:21:09 2017	1502990469	0	119	119	116
Thu Aug 17 12:21:11 2017	1502990471	0	119	119	117
Thu Aug 17 12:21:11 2017	1502990471	0	119	119	115
Thu Aug 17 12:21:09 2017	1502990469	1	118	119	117
Thu Aug 17 12:21:11 2017	1502990471	0	119	119	118
Thu Aug 17 12:21:09 2017	1502990469	0	119	119	115
Thu Aug 17 12:21:11 2017	1502990471	0	119	119	117
Thu Aug 17 12:21:11 2017	1502990471	0	119	119	115
Thu Aug 17 12:21:09 2017	1502990469	0	119	119	117
Thu Aug 17 12:21:10 2017	1502990470	0	119	119	116
Thu Aug 17 12:21:10 2017	1502990470	0	119	119	115
Thu Aug 17 12:21:09 2017	1502990469	0	119	119	117
Thu Aug 17 12:21:10 2017	1502990470	0	119	119	117
Thu Aug 17 12:21:11 2017	1502990471	0	119	119	118
Thu Aug 17 12:21:09 2017	1502990469	0	119	119	117
Thu Aug 17 12:21:09 2017	1502990469	0	119	119	117
Thu Aug 17 12:21:10 2017	1502990470	0	119	119	116
Thu Aug 17 12:21:10 2017	1502990470	0	119	119	117
Thu Aug 17 12:21:08 2017	1502990468	0	119	119	117
Thu Aug 17 12:21:09 2017	1502990469	0	119	119	114
Thu Aug 17 12:21:09 2017	1502990469	0	119	119	115
Thu Aug 17 12:21:09 2017	1502990469	0	119	119	116
Thu Aug 17 12:21:10 2017	1502990470	0	119	119	117
Thu Aug 17 12:21:09 2017	1502990469	0	119	119	115
Thu Aug 17 12:21:11 2017	1502990471	0	119	119	117
Thu Aug 17 12:21:10 2017	1502990470	0	119	119	115
Thu Aug 17 12:21:11 2017	1502990471	0	119	119	117
Thu Aug 17 12:21:09 2017	1502990469	0	119	119	118
Thu Aug 17 12:21:10 2017	1502990470	0	119	119	116
Thu Aug 17 12:21:09 2017	1502990469	0	119	119	116
Thu Aug 17 12:21:09 2017	1502990469	0	119	119	115
Thu Aug 17 12:21:10 2017	1502990470	0	119	119	116
Thu Aug 17 12:21:11 2017	1502990471	0	119	119	115
Thu Aug 17 12:21:09 2017	1502990469	0	119	119	118
Thu Aug 17 12:21:10 2017	1502990470	0	119	119	118
Thu Aug 17 12:21:10 2017	1502990470	0	119	119	118
Thu Aug 17 12:21:09 2017	1502990469	0	119	119	116
Thu Aug 17 12:21:10 2017	1502990470	0	119	119	115
Thu Aug 17 12:21:09 2017	1502990469	0	119	119	118
Thu Aug 17 12:21:10 2017	1502990470	0	119	119	116
Thu Aug 17 12:21:10 2017	1502990470	0	119	119	116
Thu Aug 17 12:21:09 2017	1502990469	0	119	119	118
Thu Aug 17 12:21:10 2017	1502990470	0	119	119	116
Thu Aug 17 12:21:11 2017	1502990471	0	119	119	118
Thu Aug 17 12:21:09 2017	1502990469	0	119	119	118
Thu Aug 17 12:21:11 2017	1502990471	0	119	119	115
Thu Aug 17 12:21:10 2017	1502990470	0	119	119	115
Thu Aug 17 12:21:09 2017	1502990469	0	119	119	116
Thu Aug 17 12:21:09 2017	1502990469	0	119	119	118
Thu Aug 17 12:21:10 2017	1502990470	0	119	119	118
Thu Aug 17 12:21:10 2017	1502990470	0	119	119	118
Thu Aug 17 12:21:08 2017	1502990468	0	119	119	117
Thu Aug 17 12:21:09 2017	1502990469	0	119	119	118
Thu Aug 17 12:21:09 2017	1502990469	0	119	119	118
Thu Aug 17 12:21:09 2017	1502990469	0	119	119	116
Thu Aug 17 12:21:09 2017	1502990469	0	119	119	116
Thu Aug 17 12:21:08 2017	1502990468	0	119	119	117
Thu Aug 17 12:21:11 2017	1502990471	0	119	119	116
Thu Aug 17 12:21:09 2017	1502990469	0	119	119	116
Thu Aug 17 12:21:11 2017	1502990471	0	119	119	118
Thu Aug 17 12:21:11 2017	1502990471	0	119	119	118
Thu Aug 17 12:21:10 2017	1502990470	0	119	119	117
Thu Aug 17 12:21:09 2017	1502990469	0	119	119	118
Thu Aug 17 12:21:09 2017	1502990469	0	119	119	118
Thu Aug 17 12:21:10 2017	1502990470	0	119	119	117
Thu Aug 17 12:21:10 2017	1502990470	0	119	119	117
Thu Aug 17 12:21:09 2017	1502990469	0	119	119	117
Thu Aug 17 12:21:09 2017	1502990469	0	119	119	118
Thu Aug 17 12:21:10 2017	1502990470	0	119	119	118
Thu Aug 17 12:21:11 2017	1502990471	0	119	119	115
Thu Aug 17 12:21:10 2017	1502990470	0	119	119	118
Thu Aug 17 12:21:09 2017	1502990469	0	119	119	115
Thu Aug 17 12:21:11 2017	1502990471	0	119	119	118
Thu Aug 17 12:21:11 2017	1502990471	0	119	119	118
Thu Aug 17 12:21:11 2017	1502990471	0	119	119	118
Thu Aug 17 12:21:10 2017	1502990470	0	119	119	116
Thu Aug 17 12:21:09 2017	1502990469	0	119	119	117
Thu Aug 17 12:21:11 2017	1502990471	0	119	119	115
Thu Aug 17 12:21:11 2017	1502990471	0	119	119	117
Thu Aug 17 12:21:11 2017	1502990471	0	119	119	116
Thu Aug 17 12:21:09 2017	1502990469	0	119	119	116
Thu Aug 17 12:21:10 2017	1502990470	0	119	119	116
Thu Aug 17 12:21:09 2017	1502990469	0	119	119	115
Thu Aug 17 12:21:09 2017	1502990469	0	119	119	116
Thu Aug 17 12:21:10 2017	1502990470	0	119	119	118
Thu Aug 17 12:21:08 2017	1502990468	0	119	119	115
Thu Aug 17 12:21:10 2017	1502990470	0	119	119	117
Thu Aug 17 12:21:10 2017	1502990470	0	119	119	116
Thu Aug 17 12:21:09 2017	1502990469	0	119	119	116
Thu Aug 17 12:21:09 2017	1502990469	0	119	119	115
Thu Aug 17 12:21:10 2017	1502990470	0	119	119	118
Thu Aug 17 12:21:10 2017	1502990470	0	119	119	116
Thu Aug 17 12:21:10 2017	1502990470	0	119	119	118
Thu Aug 17 12:21:10 2017	1502990470	0	119	119	116
Thu Aug 17 12:21:09 2017	1502990469	0	119	119	117
Thu Aug 17 12:21:10 2017	1502990470	0	119	119	118
Thu Aug 17 12:21:11 2017	1502990471	0	119	119	118
Thu Aug 17 12:21:11 2017	1502990471	0	119	119	117
Thu Aug 17 12:21:11 2017	1502990471	0	119	119	118
Thu Aug 17 12:21:10 2017	1502990470	0	119	119	116
Thu Aug 17 12:21:09 2017	1502990469	0	119	119	116
Thu Aug 17 12:21:11 2017	1502990471	0	119	119	118
Thu Aug 17 12:21:09 2017	1502990469	0	119	119	118
Thu Aug 17 12:21:09 2017	1502990469	0	119	119	117
Thu Aug 17 12:21:09 2017	1502990469	0	119	119	118
Thu Aug 17 12:21:09 2017	1502990469	0	119	119	117
Thu Aug 17 12:21:10 2017	1502990470	0	119	119	115
Thu Aug 17 12:21:09 2017	1502990469	0	119	119	118
Thu Aug 17 12:21:11 2017	1502990471	0	119	119	117
Thu Aug 17 12:21:10 2017	1502990470	0	119	119	118
Thu Aug 17 12:21:10 2017	1502990470	0	119	119	116
Thu Aug 17 12:21:09 2017	1502990469	0	119	119	118
Thu Aug 17 12:21:10 2017	1502990470	0	119	119	117
Thu Aug 17 12:21:11 2017	1502990471	0	119	119	117
Thu Aug 17 12:21:09 2017	1502990469	0	119	119	117
Thu Aug 17 12:21:08 2017	1502990468	0	119	119	118
Thu Aug 17 12:21:10 2017	1502990470	0	119	119	116
Thu Aug 17 12:21:09 2017	1502990469	0	119	119	116
Thu Aug 17 12:21:10 2017	1502990470	0	119	119	115
Thu Aug 17 12:21:09 2017	1502990469	0	119	119	118
Thu Aug 17 12:21:09 2017	1502990469	0	119	119	117
Thu Aug 17 12:21:10 2017	1502990470	0	119	119	118
Thu Aug 17 12:21:09 2017	1502990469	0	119	119	116
Thu Aug 17 12:21:11 2017	1502990471	0	119	119	116
Thu Aug 17 12:21:10 2017	1502990470	0	119	119	118
Thu Aug 17 12:21:11 2017	1502990471	0	119	119	116
Thu Aug 17 12:21:10 2017	1502990470	0	119	119	116
Thu Aug 17 12:21:09 2017	1502990469	0	119	119	115
Thu Aug 17 12:21:09 2017	1502990469	0	119	119	118
Thu Aug 17 12:21:10 2017	1502990470	0	119	119	118
Thu Aug 17 12:21:10 2017	1502990470	0	119	119	118
Thu Aug 17 12:21:09 2017	1502990469	0	119	119	115
Thu Aug 17 12:21:10 2017	1502990470	0	119	119	118
Thu Aug 17 12:21:10 2017	1502990470	0	119	119	118
Thu Aug 17 12:21:10 2017	1502990470	0	119	119	118
Thu Aug 17 12:21:11 2017	1502990471	0	119	119	116
Thu Aug 17 12:21:10 2017	1502990470	0	119	119	117
Thu Aug 17 12:21:09 2017	1502990469	0	119	120	118
Thu Aug 17 12:21:08 2017	1502990468	0	119	120	118
Thu Aug 17 12:21:09 2017	1502990469	0	119	120	116
Thu Aug 17 12:21:10 2017	1502990470	0	119	120	116
Thu Aug 17 12:21:10 2017	1502990470	0	119	120	118
Thu Aug 17 12:21:11 2017	1502990471	0	119	120	118
Thu Aug 17 12:21:10 2017	1502990470	0	119	120	117
Thu Aug 17 12:21:10 2017	1502990470	0	119	120	118
Thu Aug 17 12:21:09 2017	1502990469	0	119	120	117
Thu Aug 17 12:21:09 2017	1502990469	0	119	120	118
Thu Aug 17 12:21:10 2017	1502990470	0	119	120	116
Thu Aug 17 12:21:10 2017	1502990470	0	119	120	119
Thu Aug 17 12:21:10 2017	1502990470	0	119	120	117
Thu Aug 17 12:21:09 2017	1502990469	0	119	120	117
Thu Aug 17 12:21:11 2017	1502990471	0	119	120	117
Thu Aug 17 12:21:09 2017	1502990469	0	119	120	117
Thu Aug 17 12:21:10 2017	1502990470	0	119	120	119
Thu Aug 17 12:21:11 2017	1502990471	0	119	120	117
Thu Aug 17 12:21:09 2017	1502990469	0	119	120	118
Thu Aug 17 12:21:11 2017	1502990471	0	119	120	117
Thu Aug 17 12:21:10 2017	1502990470	0	119	120	117
Thu Aug 17 12:21:09 2017	1502990469	0	119	120	118
Thu Aug 17 12:21:10 2017	1502990470	0	119	120	118
Thu Aug 17 12:21:10 2017	1502990470	0	120	120	119
Thu Aug 17 12:21:10 2017	1502990470	0	119	120	118
Thu Aug 17 12:21:08 2017	1502990468	0	119	120	118
Thu Aug 17 12:21:08 2017	1502990468	0	120	120	118
Thu Aug 17 12:21:09 2017	1502990469	0	119	120	119
Thu Aug 17 12:21:09 2017	1502990469	0	120	120	118
Thu Aug 17 12:21:10 2017	1502990470	0	120	120	117
Thu Aug 17 12:21:10 2017	1502990470	0	120	120	118
Thu Aug 17 12:21:08 2017	1502990468	0	120	120	118
Thu Aug 17 12:21:09 2017	1502990469	0	120	120	117
Thu Aug 17 12:21:10 2017	1502990470	0	120	120	118
Thu Aug 17 12:21:10 2017	1502990470	0	119	120	118
Thu Aug 17 12:21:10 2017	1502990470	0	120	120	118
Thu Aug 17 12:21:10 2017	1502990470	0	119	120	118
Thu Aug 17 12:21:09 2017	1502990469	0	119	120	117
Thu Aug 17 12:21:09 2017	1502990469	0	120	120	118
Thu Aug 17 12:21:10 2017	1502990470	0	120	120	117
Thu Aug 17 12:21:10 2017	1502990470	0	120	120	118
Thu Aug 17 12:21:11 2017	1502990471	0	120	120	118
Thu Aug 17 12:21:11 2017	1502990471	0	120	120	116
Thu Aug 17 12:21:10 2017	1502990470	0	120	120	118
Thu Aug 17 12:21:11 2017	1502990471	0	120	120	116
Thu Aug 17 12:21:11 2017	1502990471	0	120	120	117
Thu Aug 17 12:21:10 2017	1502990470	0	120	120	118
Thu Aug 17 12:21:11 2017	1502990471	0	120	120	117
Thu Aug 17 12:21:09 2017	1502990469	0	120	120	118
Thu Aug 17 12:21:10 2017	1502990470	0	120	120	117
Thu Aug 17 12:21:11 2017	1502990471	0	120	120	116
Thu Aug 17 12:21:09 2017	1502990469	0	120	120	119
Thu Aug 17 12:21:11 2017	1502990471	0	120	120	117
Thu Aug 17 12:21:10 2017	1502990470	0	120	120	119
Thu Aug 17 12:21:09 2017	1502990469	0	120	120	118
Thu Aug 17 12:21:11 2017	1502990471	0	119	120	117
Thu Aug 17 12:21:11 2017	1502990471	0	120	120	117
Thu Aug 17 12:21:09 2017	1502990469	0	120	120	115
Thu Aug 17 12:21:11 2017	1502990471	0	120	120	119
Thu Aug 17 12:21:10 2017	1502990470	0	120	120	119
Thu Aug 17 12:21:11 2017	1502990471	0	120	120	117
Thu Aug 17 12:21:10 2017	1502990470	0	120	120	116
Thu Aug 17 12:21:11 2017	1502990471	0	120	120	117
Thu Aug 17 12:21:11 2017	1502990471	0	120	120	118
Thu Aug 17 12:21:10 2017	1502990470	0	120	120	119
Thu Aug 17 12:21:11 2017	1502990471	0	120	120	117
Thu Aug 17 12:21:10 2017	1502990470	0	120	120	119
Thu Aug 17 12:21:10 2017	1502990470	0	120	120	118
Thu Aug 17 12:21:10 2017	1502990470	0	120	120	119
Thu Aug 17 12:21:10 2017	1502990470	0	120	120	119
Thu Aug 17 12:21:11 2017	1502990471	0	120	120	116
Thu Aug 17 12:21:10 2017	1502990470	0	120	120	117
Thu Aug 17 12:21:10 2017	1502990470	0	120	120	117
Thu Aug 17 12:21:11 2017	1502990471	0	120	120	118
Thu Aug 17 12:21:10 2017	1502990470	0	120	120	117
Thu Aug 17 12:21:11 2017	1502990471	0	120	120	116
Thu Aug 17 12:21:10 2017	1502990470	0	120	120	119
Thu Aug 17 12:21:10 2017	1502990470	0	120	120	116
Thu Aug 17 12:21:10 2017	1502990470	0	120	120	117
Thu Aug 17 12:21:11 2017	1502990471	0	120	120	118
Thu Aug 17 12:21:10 2017	1502990470	0	120	120	119
Thu Aug 17 12:21:09 2017	1502990469	0	120	120	116
Thu Aug 17 12:21:10 2017	1502990470	0	120	120	117
Thu Aug 17 12:21:11 2017	1502990471	0	120	120	117
Thu Aug 17 12:21:11 2017	1502990471	0	120	120	116
Thu Aug 17 12:21:11 2017	1502990471	0	120	120	117
Thu Aug 17 12:21:11 2017	1502990471	0	120	120	117
Thu Aug 17 12:21:11 2017	1502990471	0	120	120	119
Thu Aug 17 12:21:10 2017	1502990470	0	120	120	118
Thu Aug 17 12:21:10 2017	1502990470	0	120	120	117
Thu Aug 17 12:21:11 2017	1502990471	0	120	120	117
Thu Aug 17 12:21:10 2017	1502990470	0	120	120	119
Thu Aug 17 12:21:08 2017	1502990468	0	120	120	119
Thu Aug 17 12:21:09 2017	1502990469	0	120	120	117
Thu Aug 17 12:21:11 2017	1502990471	0	120	120	117
Thu Aug 17 12:21:11 2017	1502990471	0	120	120	117
Thu Aug 17 12:21:10 2017	1502990470	0	120	120	119
Thu Aug 17 12:21:11 2017	1502990471	0	120	120	119
Thu Aug 17 12:21:08 2017	1502990468	0	120	120	117
Thu Aug 17 12:21:11 2017	1502990471	0	120	120	119
Thu Aug 17 12:21:11 2017	1502990471	0	120	120	118
Thu Aug 17 12:21:10 2017	1502990470	0	120	120	119
Thu Aug 17 12:21:09 2017	1502990469	0	120	120	118
Thu Aug 17 12:21:11 2017	1502990471	0	120	120	119
Thu Aug 17 12:21:11 2017	1502990471	0	120	120	119
Thu Aug 17 12:21:09 2017	1502990469	0	120	120	117
Thu Aug 17 12:21:10 2017	1502990470	0	120	120	116
Thu Aug 17 12:21:10 2017	1502990470	0	120	120	115
Thu Aug 17 12:21:11 2017	1502990471	0	120	120	119
Thu Aug 17 12:21:11 2017	1502990471	0	120	120	117
Thu Aug 17 12:21:11 2017	1502990471	0	120	120	116
Thu Aug 17 12:21:09 2017	1502990469	0	120	120	118
Thu Aug 17 12:21:10 2017	1502990470	0	120	120	117
Thu Aug 17 12:21:10 2017	1502990470	0	120	120	118
Thu Aug 17 12:21:09 2017	1502990469	0	120	120	119
Thu Aug 17 12:21:11 2017	1502990471	0	120	120	119
Thu Aug 17 12:21:11 2017	1502990471	0	120	120	119
Thu Aug 17 12:21:11 2017	1502990471	0	120	120	116
Thu Aug 17 12:21:10 2017	1502990470	0	120	120	118
Thu Aug 17 12:21:08 2017	1502990468	0	120	120	119
Thu Aug 17 12:21:09 2017	1502990469	0	120	120	117
Thu Aug 17 12:21:11 2017	1502990471	0	120	120	119
Thu Aug 17 12:21:11 2017	1502990471	0	120	120	117
Thu Aug 17 12:21:09 2017	1502990469	0	120	120	117
Thu Aug 17 12:21:11 2017	1502990471	0	120	120	118
Thu Aug 17 12:21:08 2017	1502990468	0	120	120	119
Thu Aug 17 12:21:11 2017	1502990471	0	120	120	119
Thu Aug 17 12:21:09 2017	1502990469	0	120	120	117
Thu Aug 17 12:21:11 2017	1502990471	0	120	120	118
Thu Aug 17 12:21:10 2017	1502990470	0	120	120	119
Thu Aug 17 12:21:09 2017	1502990469	0	120	120	117
Thu Aug 17 12:21:11 2017	1502990471	0	120	120	118
Thu Aug 17 12:21:09 2017	1502990469	0	120	120	119
Thu Aug 17 12:21:08 2017	1502990468	0	120	120	120
Thu Aug 17 12:21:10 2017	1502990470	0	120	120	119
Thu Aug 17 12:21:09 2017	1502990469	0	120	120	116
Thu Aug 17 12:21:11 2017	1502990471	0	120	120	119
Thu Aug 17 12:21:08 2017	1502990468	0	120	120	119
Thu Aug 17 12:21:09 2017	1502990469	0	120	120	116
Thu Aug 17 12:21:11 2017	1502990471	0	120	120	119
Thu Aug 17 12:21:11 2017	1502990471	0	120	120	118
Thu Aug 17 12:21:11 2017	1502990471	0	120	120	116
Thu Aug 17 12:21:10 2017	1502990470	0	120	120	119
Thu Aug 17 12:21:11 2017	1502990471	0	120	120	119
Thu Aug 17 12:21:08 2017	1502990468	0	120	120	117
Thu Aug 17 12:21:10 2017	1502990470	0	120	120	119
Thu Aug 17 12:21:10 2017	1502990470	0	120	120	119
Thu Aug 17 12:21:11 2017	1502990471	0	120	120	118
Thu Aug 17 12:21:11 2017	1502990471	0	120	120	119
Thu Aug 17 12:21:10 2017	1502990470	0	120	121	119
Thu Aug 17 12:21:11 2017	1502990471	0	120	121	119
Thu Aug 17 12:21:11 2017	1502990471	0	120	121	118
Thu Aug 17 12:21:08 2017	1502990468	2	119	121	118
Thu Aug 17 12:21:09 2017	1502990469	0	120	121	119
Thu Aug 17 12:21:11 2017	1502990471	0	120	121	119
Thu Aug 17 12:21:11 2017	1502990471	0	120	121	119
Thu Aug 17 12:21:11 2017	1502990471	0	120	121	119
Thu Aug 17 12:21:09 2017	1502990469	0	120	121	117
Thu Aug 17 12:21:11 2017	1502990471	0	120	121	119
Thu Aug 17 12:21:08 2017	1502990468	0	120	121	119
Thu Aug 17 12:21:11 2017	1502990471	0	120	121	117
Thu Aug 17 12:21:11 2017	1502990471	0	120	121	117
Thu Aug 17 12:21:11 2017	1502990471	0	120	121	119
Thu Aug 17 12:21:11 2017	1502990471	0	120	121	117
Thu Aug 17 12:21:11 2017	1502990471	0	120	121	118
Thu Aug 17 12:21:11 2017	1502990471	0	120	121	117
Thu Aug 17 12:21:09 2017	1502990469	0	121	121	120
Thu Aug 17 12:21:11 2017	1502990471	0	120	121	119
Thu Aug 17 12:21:10 2017	1502990470	0	121	121	117
Thu Aug 17 12:21:09 2017	1502990469	0	120	121	117
Thu Aug 17 12:21:09 2017	1502990469	0	121	121	118
Thu Aug 17 12:21:11 2017	1502990471	0	121	121	120
Thu Aug 17 12:21:09 2017	1502990469	0	121	121	119
Thu Aug 17 12:21:10 2017	1502990470	0	121	121	118
Thu Aug 17 12:21:08 2017	1502990468	0	121	121	119
Thu Aug 17 12:21:11 2017	1502990471	0	121	121	119
Thu Aug 17 12:21:11 2017	1502990471	0	121	121	117
Thu Aug 17 12:21:11 2017	1502990471	0	121	121	117
Thu Aug 17 12:21:11 2017	1502990471	0	120	121	119
Thu Aug 17 12:21:09 2017	1502990469	0	121	121	117
Thu Aug 17 12:21:08 2017	1502990468	0	120	121	118
Thu Aug 17 12:21:10 2017	1502990470	0	121	121	120
Thu Aug 17 12:21:10 2017	1502990470	0	121	121	119
Thu Aug 17 12:21:10 2017	1502990470	0	121	121	120
Thu Aug 17 12:21:10 2017	1502990470	0	121	121	118
Thu Aug 17 12:21:10 2017	1502990470	0	121	121	119
Thu Aug 17 12:21:10 2017	1502990470	0	121	121	120
Thu Aug 17 12:21:11 2017	1502990471	0	121	121	117
Thu Aug 17 12:21:11 2017	1502990471	0	121	121	119
Thu Aug 17 12:21:11 2017	1502990471	0	120	121	118
Thu Aug 17 12:21:08 2017	1502990468	0	121	121	119
Thu Aug 17 12:21:11 2017	1502990471	0	121	121	118
Thu Aug 17 12:21:11 2017	1502990471	0	121	121	117
Thu Aug 17 12:21:09 2017	1502990469	0	121	121	117
Thu Aug 17 12:21:10 2017	1502990470	0	121	121	119
Thu Aug 17 12:21:11 2017	1502990471	0	121	121	118
Thu Aug 17 12:21:10 2017	1502990470	0	121	121	117
Thu Aug 17 12:21:08 2017	1502990468	0	121	121	120
Thu Aug 17 12:21:10 2017	1502990470	0	121	121	119
Thu Aug 17 12:21:10 2017	1502990470	0	121	121	119
Thu Aug 17 12:21:11 2017	1502990471	0	121	121	118
Thu Aug 17 12:21:11 2017	1502990471	0	121	121	117
Thu Aug 17 12:21:09 2017	1502990469	0	121	121	120
Thu Aug 17 12:21:10 2017	1502990470	0	121	121	119
Thu Aug 17 12:21:10 2017	1502990470	0	121	121	119
Thu Aug 17 12:21:11 2017	1502990471	0	121	121	120
Thu Aug 17 12:21:11 2017	1502990471	0	121	121	120
Thu Aug 17 12:21:09 2017	1502990469	0	121	121	117
Thu Aug 17 12:21:10 2017	1502990470	0	121	121	119
Thu Aug 17 12:21:11 2017	1502990471	0	121	121	120
Thu Aug 17 12:21:11 2017	1502990471	0	121	121	117
Thu Aug 17 12:21:11 2017	1502990471	0	121	121	117
Thu Aug 17 12:21:11 2017	1502990471	0	121	121	117
Thu Aug 17 12:21:10 2017	1502990470	0	121	121	118
Thu Aug 17 12:21:10 2017	1502990470	0	121	121	120
Thu Aug 17 12:21:08 2017	1502990468	0	121	121	119
Thu Aug 17 12:21:09 2017	1502990469	0	121	121	120
Thu Aug 17 12:21:09 2017	1502990469	0	121	121	118
Thu Aug 17 12:21:11 2017	1502990471	0	121	121	120
Thu Aug 17 12:21:11 2017	1502990471	0	121	121	118
Thu Aug 17 12:21:11 2017	1502990471	0	121	121	118
Thu Aug 17 12:21:10 2017	1502990470	0	121	121	117
Thu Aug 17 12:21:08 2017	1502990468	0	121	121	119
Thu Aug 17 12:21:10 2017	1502990470	0	121	121	119
Thu Aug 17 12:21:09 2017	1502990469	0	121	121	120
Thu Aug 17 12:21:11 2017	1502990471	0	121	121	117
Thu Aug 17 12:21:10 2017	1502990470	0	121	121	117
Thu Aug 17 12:21:08 2017	1502990468	0	121	121	118
Thu Aug 17 12:21:11 2017	1502990471	0	121	121	120
Thu Aug 17 12:21:09 2017	1502990469	0	121	121	119
Thu Aug 17 12:21:08 2017	1502990468	0	121	121	119
Thu Aug 17 12:21:11 2017	1502990471	0	121	121	120
Thu Aug 17 12:21:11 2017	1502990471	0	121	121	118
Thu Aug 17 12:21:09 2017	1502990469	0	121	121	120
Thu Aug 17 12:21:11 2017	1502990471	0	121	121	118
Thu Aug 17 12:21:08 2017	1502990468	0	121	121	118
Thu Aug 17 12:21:11 2017	1502990471	0	121	121	118
Thu Aug 17 12:21:11 2017	1502990471	0	121	121	120
Thu Aug 17 12:21:11 2017	1502990471	0	121	121	117
Thu Aug 17 12:21:10 2017	1502990470	0	121	121	117
Thu Aug 17 12:21:10 2017	1502990470	0	121	121	118
Thu Aug 17 12:21:11 2017	1502990471	0	121	121	117
Thu Aug 17 12:21:08 2017	1502990468	0	121	121	119
Thu Aug 17 12:21:10 2017	1502990470	0	121	121	118
Thu Aug 17 12:21:08 2017	1502990468	0	121	121	120
Thu Aug 17 12:21:10 2017	1502990470	0	121	121	119
Thu Aug 17 12:21:10 2017	1502990470	0	121	121	119
Thu Aug 17 12:21:11 2017	1502990471	0	121	121	118
Thu Aug 17 12:21:09 2017	1502990469	0	121	121	119
Thu Aug 17 12:21:11 2017	1502990471	0	121	121	119
Thu Aug 17 12:21:10 2017	1502990470	0	121	121	118
Thu Aug 17 12:21:11 2017	1502990471	0	121	121	117
Thu Aug 17 12:21:08 2017	1502990468	0	121	121	118
Thu Aug 17 12:21:11 2017	1502990471	0	121	121	120
Thu Aug 17 12:21:08 2017	1502990468	0	121	121	117
Thu Aug 17 12:21:11 2017	1502990471	0	121	121	120
Thu Aug 17 12:21:08 2017	1502990468	0	121	121	119
Thu Aug 17 12:21:11 2017	1502990471	0	121	121	118
Thu Aug 17 12:21:10 2017	1502990470	0	121	121	118
Thu Aug 17 12:21:10 2017	1502990470	0	121	121	118
Thu Aug 17 12:21:09 2017	1502990469	0	121	121	117
Thu Aug 17 12:21:11 2017	1502990471	0	121	121	118
Thu Aug 17 12:21:11 2017	1502990471	0	121	121	119
Thu Aug 17 12:21:11 2017	1502990471	0	121	121	117
Thu Aug 17 12:21:11 2017	1502990471	0	121	121	118
Thu Aug 17 12:21:11 2017	1502990471	0	121	121	119
Thu Aug 17 12:21:11 2017	1502990471	0	121	121	120
Thu Aug 17 12:21:09 2017	1502990469	0	121	121	117
Thu Aug 17 12:21:11 2017	1502990471	0	121	121	118
Thu Aug 17 12:21:11 2017	1502990471	0	121	121	117
Thu Aug 17 12:21:11 2017	1502990471	0	121	121	118
Thu Aug 17 12:21:08 2017	1502990468	0	121	121	120
Thu Aug 17 12:21:11 2017	1502990471	0	121	121	117
Thu Aug 17 12:21:08 2017	1502990468	0	121	121	119
Thu Aug 17 12:21:10 2017	1502990470	0	121	121	118
Thu Aug 17 12:21:08 2017	1502990468	0	121	121	121
Thu Aug 17 12:21:10 2017	1502990470	0	121	121	119
Thu Aug 17 12:21:10 2017	1502990470	0	121	121	119
Thu Aug 17 12:21:08 2017	1502990468	0	121	121	118
Thu Aug 17 12:21:09 2017	1502990469	0	121	121	120
Thu Aug 17 12:21:08 2017	1502990468	0	121	121	119
Thu Aug 17 12:21:10 2017	1502990470	0	121	121	118
Thu Aug 17 12:21:10 2017	1502990470	0	121	121	119
Thu Aug 17 12:21:11 2017	1502990471	0	121	121	120
Thu Aug 17 12:21:10 2017	1502990470	0	121	121	118
Thu Aug 17 12:21:09 2017	1502990469	0	121	121	119
Thu Aug 17 12:21:08 2017	1502990468	0	121	121	119
Thu Aug 17 12:21:11 2017	1502990471	0	121	121	120
Thu Aug 17 12:21:09 2017	1502990469	0	121	121	120
Thu Aug 17 12:21:10 2017	1502990470	0	121	121	118
Thu Aug 17 12:21:11 2017	1502990471	0	121	121	117
Thu Aug 17 12:21:11 2017	1502990471	0	121	121	119
Thu Aug 17 12:21:10 2017	1502990470	0	121	121	118
Thu Aug 17 12:21:10 2017	1502990470	0	121	121	118
Thu Aug 17 12:21:08 2017	1502990468	0	121	121	120
Thu Aug 17 12:21:08 2017	1502990468	0	121	121	118
Thu Aug 17 12:21:08 2017	1502990468	0	121	121	120
Thu Aug 17 12:21:11 2017	1502990471	0	121	121	118
Thu Aug 17 12:21:08 2017	1502990468	0	121	121	118
Thu Aug 17 12:21:08 2017	1502990468	0	121	122	120
Thu Aug 17 12:21:08 2017	1502990468	0	121	122	119
Thu Aug 17 12:21:11 2017	1502990471	0	121	122	118
Thu Aug 17 12:21:10 2017	1502990470	0	121	122	118
Thu Aug 17 12:21:11 2017	1502990471	0	121	122	120
Thu Aug 17 12:21:11 2017	1502990471	0	121	122	119
Thu Aug 17 12:21:09 2017	1502990469	0	121	122	121
Thu Aug 17 12:21:10 2017	1502990470	1	121	122	120
Thu Aug 17 12:21:10 2017	1502990470	1	121	122	118
Thu Aug 17 12:21:08 2017	1502990468	0	121	122	120
Thu Aug 17 12:21:10 2017	1502990470	0	121	122	117
Thu Aug 17 12:21:09 2017	1502990469	0	122	122	119
Thu Aug 17 12:21:11 2017	1502990471	0	122	122	119
Thu Aug 17 12:21:11 2017	1502990471	0	121	122	120
Thu Aug 17 12:21:08 2017	1502990468	0	122	122	120
Thu Aug 17 12:21:10 2017	1502990470	0	121	122	119
Thu Aug 17 12:21:10 2017	1502990470	1	121	122	118
Thu Aug 17 12:21:08 2017	1502990468	0	122	122	121
Thu Aug 17 12:21:11 2017	1502990471	0	122	122	120
Thu Aug 17 12:21:08 2017	1502990468	0	122	122	120
Thu Aug 17 12:21:11 2017	1502990471	0	122	122	118
Thu Aug 17 12:21:11 2017	1502990471	0	122	122	120
Thu Aug 17 12:21:11 2017	1502990471	0	122	122	120
Thu Aug 17 12:21:11 2017	1502990471	0	122	122	118
Thu Aug 17 12:21:10 2017	1502990470	0	122	122	119
Thu Aug 17 12:21:08 2017	1502990468	0	122	122	121
Thu Aug 17 12:21:10 2017	1502990470	0	122	122	121
Thu Aug 17 12:21:09 2017	1502990469	0	122	122	117
Thu Aug 17 12:21:09 2017	1502990469	0	122	122	119
Thu Aug 17 12:21:08 2017	1502990468	0	122	122	120
Thu Aug 17 12:21:11 2017	1502990471	0	122	122	120
Thu Aug 17 12:21:08 2017	1502990468	0	122	122	118
Thu Aug 17 12:21:08 2017	1502990468	0	122	122	118
Thu Aug 17 12:21:10 2017	1502990470	0	122	122	118
Thu Aug 17 12:21:11 2017	1502990471	0	122	122	120
Thu Aug 17 12:21:08 2017	1502990468	0	122	122	118
Thu Aug 17 12:21:11 2017	1502990471	0	122	122	120
Thu Aug 17 12:21:08 2017	1502990468	0	122	122	118
Thu Aug 17 12:21:09 2017	1502990469	0	122	122	119
Thu Aug 17 12:21:10 2017	1502990470	0	122	122	120
Thu Aug 17 12:21:08 2017	1502990468	0	122	122	120
Thu Aug 17 12:21:10 2017	1502990470	0	122	122	121
Thu Aug 17 12:21:08 2017	1502990468	0	122	122	119
Thu Aug 17 12:21:10 2017	1502990470	0	122	122	119
Thu Aug 17 12:21:08 2017	1502990468	0	122	122	120
Thu Aug 17 12:21:10 2017	1502990470	0	122	122	121
Thu Aug 17 12:21:08 2017	1502990468	0	122	122	119
Thu Aug 17 12:21:10 2017	1502990470	0	122	122	119
Thu Aug 17 12:21:10 2017	1502990470	0	122	122	119
Thu Aug 17 12:21:11 2017	1502990471	0	122	122	118
Thu Aug 17 12:21:10 2017	1502990470	0	122	122	119
Thu Aug 17 12:21:09 2017	1502990469	0	122	122	119
Thu Aug 17 12:21:10 2017	1502990470	0	122	122	118
Thu Aug 17 12:21:09 2017	1502990469	0	122	122	118
Thu Aug 17 12:21:10 2017	1502990470	0	122	122	118
Thu Aug 17 12:21:11 2017	1502990471	0	122	122	119
Thu Aug 17 12:21:11 2017	1502990471	0	122	122	121
Thu Aug 17 12:21:09 2017	1502990469	0	122	122	118
Thu Aug 17 12:21:10 2017	1502990470	0	122	122	121
Thu Aug 17 12:21:11 2017	1502990471	0	122	122	121
Thu Aug 17 12:21:08 2017	1502990468	0	122	122	118
Thu Aug 17 12:21:11 2017	1502990471	0	122	122	119
Thu Aug 17 12:21:08 2017	1502990468	0	122	122	118
Thu Aug 17 12:21:11 2017	1502990471	0	122	122	118
Thu Aug 17 12:21:11 2017	1502990471	0	122	122	119
Thu Aug 17 12:21:11 2017	1502990471	0	122	122	119
Thu Aug 17 12:21:11 2017	1502990471	0	122	122	118
Thu Aug 17 12:21:11 2017	1502990471	0	122	122	119
Thu Aug 17 12:21:10 2017	1502990470	0	122	122	118
Thu Aug 17 12:21:09 2017	1502990469	0	122	122	119
Thu Aug 17 12:21:10 2017	1502990470	0	122	122	116
Thu Aug 17 12:21:10 2017	1502990470	0	122	122	119
Thu Aug 17 12:21:11 2017	1502990471	0	122	122	120
Thu Aug 17 12:21:08 2017	1502990468	0	122	122	122
Thu Aug 17 12:21:08 2017	1502990468	0	122	122	119
Thu Aug 17 12:21:11 2017	1502990471	0	122	122	119
Thu Aug 17 12:21:08 2017	1502990468	0	122	122	120
Thu Aug 17 12:21:11 2017	1502990471	0	122	122	121
Thu Aug 17 12:21:09 2017	1502990469	0	122	122	118
Thu Aug 17 12:21:09 2017	1502990469	0	122	122	119
Thu Aug 17 12:21:10 2017	1502990470	0	122	123	118
Thu Aug 17 12:21:09 2017	1502990469	0	122	123	119
Thu Aug 17 12:21:10 2017	1502990470	0	122	123	120
Thu Aug 17 12:21:11 2017	1502990471	0	122	123	119
Thu Aug 17 12:21:08 2017	1502990468	0	122	123	122
Thu Aug 17 12:21:09 2017	1502990469	0	122	123	119
Thu Aug 17 12:21:10 2017	1502990470	0	122	123	121
Thu Aug 17 12:21:09 2017	1502990469	0	123	123	118
Thu Aug 17 12:21:10 2017	1502990470	0	123	123	121
Thu Aug 17 12:21:09 2017	1502990469	0	123	123	120
Thu Aug 17 12:21:10 2017	1502990470	0	122	123	121
Thu Aug 17 12:21:08 2017	1502990468	0	123	123	119
Thu Aug 17 12:21:08 2017	1502990468	0	123	123	122
Thu Aug 17 12:21:08 2017	1502990468	0	123	123	119
Thu Aug 17 12:21:11 2017	1502990471	0	123	123	121
Thu Aug 17 12:21:11 2017	1502990471	0	123	123	120
Thu Aug 17 12:21:08 2017	1502990468	0	123	123	121
Thu Aug 17 12:21:11 2017	1502990471	0	123	123	120
Thu Aug 17 12:21:10 2017	1502990470	0	123	123	121
Thu Aug 17 12:21:08 2017	1502990468	0	123	123	120
Thu Aug 17 12:21:11 2017	1502990471	0	123	123	121
Thu Aug 17 12:21:09 2017	1502990469	0	123	123	119
Thu Aug 17 12:21:10 2017	1502990470	0	123	123	122
Thu Aug 17 12:21:08 2017	1502990468	0	123	123	117
Thu Aug 17 12:21:10 2017	1502990470	0	123	123	121
Thu Aug 17 12:21:08 2017	1502990468	0	123	123	122
Thu Aug 17 12:21:11 2017	1502990471	0	123	123	120
Thu Aug 17 12:21:08 2017	1502990468	0	123	123	120
Thu Aug 17 12:21:08 2017	1502990468	0	123	123	120
Thu Aug 17 12:21:10 2017	1502990470	0	123	123	121
Thu Aug 17 12:21:08 2017	1502990468	0	123	123	120
Thu Aug 17 12:21:08 2017	1502990468	0	123	123	120
Thu Aug 17 12:21:08 2017	1502990468	0	123	123	120
Thu Aug 17 12:21:10 2017	1502990470	0	123	123	119
Thu Aug 17 12:21:10 2017	1502990470	0	123	123	120
Thu Aug 17 12:21:08 2017	1502990468	0	123	123	122
Thu Aug 17 12:21:08 2017	1502990468	0	123	123	121
Thu Aug 17 12:21:08 2017	1502990468	0	123	123	119
Thu Aug 17 12:21:10 2017	1502990470	0	123	123	119
Thu Aug 17 12:21:10 2017	1502990470	0	123	123	122
Thu Aug 17 12:21:08 2017	1502990468	0	123	123	122
Thu Aug 17 12:21:08 2017	1502990468	0	123	123	121
Thu Aug 17 12:21:08 2017	1502990468	0	123	123	118
Thu Aug 17 12:21:08 2017	1502990468	0	123	123	121
Thu Aug 17 12:21:08 2017	1502990468	0	123	123	122
Thu Aug 17 12:21:10 2017	1502990470	0	123	123	122
Thu Aug 17 12:21:08 2017	1502990468	0	123	123	122
Thu Aug 17 12:21:10 2017	1502990470	0	123	123	120
Thu Aug 17 12:21:08 2017	1502990468	0	123	123	122
Thu Aug 17 12:21:08 2017	1502990468	0	123	123	122
Thu Aug 17 12:21:10 2017	1502990470	0	123	123	121
Thu Aug 17 12:21:08 2017	1502990468	0	123	123	120
Thu Aug 17 12:21:11 2017	1502990471	0	123	123	119
Thu Aug 17 12:21:08 2017	1502990468	0	123	124	122
Thu Aug 17 12:21:09 2017	1502990469	0	123	124	122
Thu Aug 17 12:21:08 2017	1502990468	0	123	124	122
Thu Aug 17 12:21:09 2017	1502990469	0	123	124	119
Thu Aug 17 12:21:08 2017	1502990468	0	123	124	122
Thu Aug 17 12:21:08 2017	1502990468	0	123	124	120
Thu Aug 17 12:21:10 2017	1502990470	0	123	124	120
Thu Aug 17 12:21:08 2017	1502990468	0	124	124	122
Thu Aug 17 12:21:10 2017	1502990470	0	124	124	120
Thu Aug 17 12:21:10 2017	1502990470	0	124	124	122
Thu Aug 17 12:21:08 2017	1502990468	1	123	124	120
Thu Aug 17 12:21:08 2017	1502990468	0	123	124	120
Thu Aug 17 12:21:08 2017	1502990468	0	124	124	124
Thu Aug 17 12:21:08 2017	1502990468	0	124	124	122
Thu Aug 17 12:21:10 2017	1502990470	0	124	124	122
Thu Aug 17 12:21:10 2017	1502990470	0	124	124	122
Thu Aug 17 12:21:10 2017	1502990470	1	123	124	121
Thu Aug 17 12:21:08 2017	1502990468	0	124	124	123
Thu Aug 17 12:21:08 2017	1502990468	0	124	124	122
Thu Aug 17 12:21:10 2017	1502990470	0	124	124	122
Thu Aug 17 12:21:08 2017	1502990468	0	124	124	122
Thu Aug 17 12:21:08 2017	1502990468	0	124	124	122
Thu Aug 17 12:21:08 2017	1502990468	0	124	124	122
Thu Aug 17 12:21:08 2017	1502990468	0	124	124	123
Thu Aug 17 12:21:08 2017	1502990468	0	124	124	123
Thu Aug 17 12:21:10 2017	1502990470	1	123	124	121
Thu Aug 17 12:21:08 2017	1502990468	0	124	124	122
Thu Aug 17 12:21:08 2017	1502990468	0	124	124	122
Thu Aug 17 12:21:08 2017	1502990468	0	124	124	122
Thu Aug 17 12:21:08 2017	1502990468	0	124	124	121
Thu Aug 17 12:21:08 2017	1502990468	0	124	124	123
Thu Aug 17 12:21:08 2017	1502990468	0	124	124	121
Thu Aug 17 12:21:08 2017	1502990468	0	124	124	123
Thu Aug 17 12:21:09 2017	1502990469	0	124	124	123
Thu Aug 17 12:21:08 2017	1502990468	0	124	124	123
Thu Aug 17 12:21:08 2017	1502990468	0	124	124	123
Thu Aug 17 12:21:10 2017	1502990470	0	124	124	120
Thu Aug 17 12:21:10 2017	1502990470	0	124	124	122
Thu Aug 17 12:21:08 2017	1502990468	0	124	124	123
Thu Aug 17 12:21:10 2017	1502990470	0	124	124	121
Thu Aug 17 12:21:08 2017	1502990468	0	124	124	120
Thu Aug 17 12:21:09 2017	1502990469	0	124	124	123
Thu Aug 17 12:21:08 2017	1502990468	0	124	124	123
Thu Aug 17 12:21:08 2017	1502990468	0	124	124	123
Thu Aug 17 12:21:08 2017	1502990468	0	124	124	121
Thu Aug 17 12:21:09 2017	1502990469	0	124	124	121
Thu Aug 17 12:21:10 2017	1502990470	0	124	124	120
Thu Aug 17 12:21:10 2017	1502990470	0	124	124	122
Thu Aug 17 12:21:08 2017	1502990468	0	124	124	122
Thu Aug 17 12:21:10 2017	1502990470	0	124	124	121
Thu Aug 17 12:21:10 2017	1502990470	0	124	124	123
Thu Aug 17 12:21:08 2017	1502990468	0	124	124	122
Thu Aug 17 12:21:08 2017	1502990468	0	124	124	122
Thu Aug 17 12:21:10 2017	1502990470	0	124	124	120
Thu Aug 17 12:21:08 2017	1502990468	0	124	124	121
Thu Aug 17 12:21:08 2017	1502990468	0	124	124	123
Thu Aug 17 12:21:08 2017	1502990468	0	124	124	123
Thu Aug 17 12:21:08 2017	1502990468	0	124	124	123
Thu Aug 17 12:21:08 2017	1502990468	0	124	124	123
Thu Aug 17 12:21:08 2017	1502990468	0	124	125	122
Thu Aug 17 12:21:09 2017	1502990469	0	124	125	123
Thu Aug 17 12:21:08 2017	1502990468	0	124	125	122
Thu Aug 17 12:21:08 2017	1502990468	0	124	125	121
Thu Aug 17 12:21:08 2017	1502990468	0	124	125	123
Thu Aug 17 12:21:08 2017	1502990468	0	124	125	122
Thu Aug 17 12:21:08 2017	1502990468	0	124	125	123
Thu Aug 17 12:21:08 2017	1502990468	0	124	125	120
Thu Aug 17 12:21:08 2017	1502990468	0	125	125	123
Thu Aug 17 12:21:08 2017	1502990468	0	125	125	124
Thu Aug 17 12:21:09 2017	1502990469	0	125	125	123
Thu Aug 17 12:21:08 2017	1502990468	0	124	125	121
Thu Aug 17 12:21:08 2017	1502990468	0	125	125	123
Thu Aug 17 12:21:10 2017	1502990470	0	125	125	121
Thu Aug 17 12:21:10 2017	1502990470	0	125	125	123
Thu Aug 17 12:21:08 2017	1502990468	0	125	125	120
Thu Aug 17 12:21:08 2017	1502990468	0	125	125	122
Thu Aug 17 12:21:11 2017	1502990471	0	124	125	123
Thu Aug 17 12:21:11 2017	1502990471	0	125	125	121
Thu Aug 17 12:21:08 2017	1502990468	0	125	125	124
Thu Aug 17 12:21:08 2017	1502990468	0	125	125	122
Thu Aug 17 12:21:08 2017	1502990468	0	125	125	123
Thu Aug 17 12:21:08 2017	1502990468	0	125	125	122
Thu Aug 17 12:21:08 2017	1502990468	0	125	125	121
Thu Aug 17 12:21:08 2017	1502990468	0	125	125	123
Thu Aug 17 12:21:08 2017	1502990468	0	125	125	123
Thu Aug 17 12:21:08 2017	1502990468	0	125	125	123
Thu Aug 17 12:21:08 2017	1502990468	0	125	125	123
Thu Aug 17 12:21:08 2017	1502990468	0	125	125	124
Thu Aug 17 12:21:09 2017	1502990469	0	125	125	124
Thu Aug 17 12:21:09 2017	1502990469	0	125	125	124
Thu Aug 17 12:21:08 2017	1502990468	0	125	125	124
Thu Aug 17 12:21:08 2017	1502990468	0	125	125	123
Thu Aug 17 12:21:08 2017	1502990468	0	125	125	122
Thu Aug 17 12:21:08 2017	1502990468	0	125	125	124
Thu Aug 17 12:21:08 2017	1502990468	0	125	125	124
Thu Aug 17 12:21:11 2017	1502990471	0	125	125	110
Thu Aug 17 12:21:08 2017	1502990468	0	125	125	123
Thu Aug 17 12:21:08 2017	1502990468	0	125	125	122
Thu Aug 17 12:21:10 2017	1502990470	0	125	125	121
Thu Aug 17 12:21:08 2017	1502990468	0	125	125	124
Thu Aug 17 12:21:08 2017	1502990468	0	125	125	122
Thu Aug 17 12:21:08 2017	1502990468	0	125	125	121
Thu Aug 17 12:21:08 2017	1502990468	0	125	125	122
Thu Aug 17 12:21:08 2017	1502990468	0	125	125	124
Thu Aug 17 12:21:10 2017	1502990470	0	125	125	122
Thu Aug 17 12:21:08 2017	1502990468	0	125	125	122
Thu Aug 17 12:21:10 2017	1502990470	0	125	125	122
Thu Aug 17 12:21:08 2017	1502990468	0	125	125	124
Thu Aug 17 12:21:08 2017	1502990468	0	125	125	120
Thu Aug 17 12:21:10 2017	1502990470	0	125	125	122
Thu Aug 17 12:21:11 2017	1502990471	0	125	125	124
Thu Aug 17 12:21:10 2017	1502990470	0	125	125	124
Thu Aug 17 12:21:10 2017	1502990470	0	125	125	123
Thu Aug 17 12:21:09 2017	1502990469	0	125	125	124
Thu Aug 17 12:21:08 2017	1502990468	0	125	125	121
Thu Aug 17 12:21:08 2017	1502990468	0	125	125	124
Thu Aug 17 12:21:08 2017	1502990468	0	125	125	121
Thu Aug 17 12:21:08 2017	1502990468	0	125	125	120
Thu Aug 17 12:21:10 2017	1502990470	0	125	125	122
Thu Aug 17 12:21:08 2017	1502990468	0	125	125	123
Thu Aug 17 12:21:08 2017	1502990468	0	125	125	124
Thu Aug 17 12:21:10 2017	1502990470	0	125	125	123
Thu Aug 17 12:21:10 2017	1502990470	0	125	125	122
Thu Aug 17 12:21:08 2017	1502990468	0	125	125	124
Thu Aug 17 12:21:10 2017	1502990470	0	125	125	123
Thu Aug 17 12:21:08 2017	1502990468	0	125	125	122
Thu Aug 17 12:21:10 2017	1502990470	0	125	125	122
Thu Aug 17 12:21:08 2017	1502990468	0	125	125	124
Thu Aug 17 12:21:08 2017	1502990468	0	125	125	122
Thu Aug 17 12:21:08 2017	1502990468	0	125	126	123
Thu Aug 17 12:21:08 2017	1502990468	0	125	126	125
Thu Aug 17 12:21:08 2017	1502990468	0	126	126	122
Thu Aug 17 12:21:08 2017	1502990468	0	126	126	122
Thu Aug 17 12:21:08 2017	1502990468	0	126	126	123
Thu Aug 17 12:21:08 2017	1502990468	0	126	126	122
Thu Aug 17 12:21:08 2017	1502990468	0	126	126	123
Thu Aug 17 12:21:08 2017	1502990468	0	126	126	124
Thu Aug 17 12:21:08 2017	1502990468	0	126	126	121
Thu Aug 17 12:21:08 2017	1502990468	0	126	126	123
Thu Aug 17 12:21:09 2017	1502990469	1	125	126	113
Thu Aug 17 12:21:08 2017	1502990468	0	126	126	124
Thu Aug 17 12:21:08 2017	1502990468	0	126	126	125
Thu Aug 17 12:21:08 2017	1502990468	0	126	126	122
Thu Aug 17 12:21:08 2017	1502990468	0	126	126	124
Thu Aug 17 12:21:08 2017	1502990468	0	126	126	122
Thu Aug 17 12:21:08 2017	1502990468	0	126	126	125
Thu Aug 17 12:21:08 2017	1502990468	0	126	126	122
Thu Aug 17 12:21:08 2017	1502990468	0	126	126	125
Thu Aug 17 12:21:09 2017	1502990469	0	126	126	124
Thu Aug 17 12:21:08 2017	1502990468	0	126	126	125
Thu Aug 17 12:21:08 2017	1502990468	0	126	126	123
Thu Aug 17 12:21:08 2017	1502990468	0	126	126	124
Thu Aug 17 12:21:08 2017	1502990468	0	126	126	123
Thu Aug 17 12:21:08 2017	1502990468	0	126	126	123
Thu Aug 17 12:21:08 2017	1502990468	0	126	126	124
Thu Aug 17 12:21:08 2017	1502990468	0	126	126	123
Thu Aug 17 12:21:08 2017	1502990468	0	126	126	123
Thu Aug 17 12:21:08 2017	1502990468	0	126	126	121
Thu Aug 17 12:21:08 2017	1502990468	0	126	126	124
Thu Aug 17 12:21:08 2017	1502990468	0	126	126	122
Thu Aug 17 12:21:08 2017	1502990468	0	126	126	122
Thu Aug 17 12:21:08 2017	1502990468	0	126	126	125
Thu Aug 17 12:21:09 2017	1502990469	0	126	126	113
Thu Aug 17 12:21:08 2017	1502990468	0	126	126	121
Thu Aug 17 12:21:08 2017	1502990468	0	126	126	123
Thu Aug 17 12:21:08 2017	1502990468	0	126	126	125
Thu Aug 17 12:21:08 2017	1502990468	0	126	126	125
Thu Aug 17 12:21:08 2017	1502990468	0	126	126	122
Thu Aug 17 12:21:10 2017	1502990470	0	126	126	125
Thu Aug 17 12:21:08 2017	1502990468	0	126	126	123
Thu Aug 17 12:21:09 2017	1502990469	0	126	126	126
Thu Aug 17 12:21:08 2017	1502990468	0	126	126	123
Thu Aug 17 12:21:08 2017	1502990468	0	126	127	123
Thu Aug 17 12:21:08 2017	1502990468	0	126	127	125
Thu Aug 17 12:21:08 2017	1502990468	0	126	127	125
Thu Aug 17 12:21:08 2017	1502990468	0	126	127	122
Thu Aug 17 12:21:09 2017	1502990469	0	126	127	125
Thu Aug 17 12:21:08 2017	1502990468	0	127	127	125
Thu Aug 17 12:21:08 2017	1502990468	0	126	127	125
Thu Aug 17 12:21:09 2017	1502990469	0	126	127	123
Thu Aug 17 12:21:08 2017	1502990468	0	127	127	124
Thu Aug 17 12:21:08 2017	1502990468	0	127	127	125
Thu Aug 17 12:21:08 2017	1502990468	0	126	127	126
Thu Aug 17 12:21:08 2017	1502990468	0	127	127	124
Thu Aug 17 12:21:10 2017	1502990470	0	127	127	123
Thu Aug 17 12:21:09 2017	1502990469	0	127	127	124
Thu Aug 17 12:21:08 2017	1502990468	0	127	127	124
Thu Aug 17 12:21:08 2017	1502990468	0	127	127	124
Thu Aug 17 12:21:08 2017	1502990468	0	127	127	122
Thu Aug 17 12:21:08 2017	1502990468	0	127	127	123
Thu Aug 17 12:21:08 2017	1502990468	0	127	127	125
Thu Aug 17 12:21:08 2017	1502990468	0	127	127	125
Thu Aug 17 12:21:09 2017	1502990469	0	127	127	126
Thu Aug 17 12:21:09 2017	1502990469	0	127	127	115
Thu Aug 17 12:21:08 2017	1502990468	0	127	127	125
Thu Aug 17 12:21:08 2017	1502990468	0	127	127	124
Thu Aug 17 12:21:08 2017	1502990468	0	127	127	122
Thu Aug 17 12:21:08 2017	1502990468	0	127	127	123
Thu Aug 17 12:21:09 2017	1502990469	0	127	127	124
Thu Aug 17 12:21:08 2017	1502990468	0	127	127	124
Thu Aug 17 12:21:08 2017	1502990468	0	127	127	123
Thu Aug 17 12:21:09 2017	1502990469	0	127	127	124
Thu Aug 17 12:21:09 2017	1502990469	0	127	127	115
Thu Aug 17 12:21:11 2017	1502990471	0	127	127	126
Thu Aug 17 12:21:08 2017	1502990468	0	127	127	121
Thu Aug 17 12:21:08 2017	1502990468	0	127	127	123
Thu Aug 17 12:21:08 2017	1502990468	0	127	127	125
Thu Aug 17 12:21:08 2017	1502990468	0	127	127	125
Thu Aug 17 12:21:08 2017	1502990468	0	127	127	124
Thu Aug 17 12:21:08 2017	1502990468	0	127	127	123
Thu Aug 17 12:21:09 2017	1502990469	0	127	127	126
Thu Aug 17 12:21:08 2017	1502990468	0	127	127	124
Thu Aug 17 12:21:08 2017	1502990468	0	127	127	123
Thu Aug 17 12:21:08 2017	1502990468	0	127	127	126
Thu Aug 17 12:21:08 2017	1502990468	0	127	127	123
Thu Aug 17 12:21:08 2017	1502990468	0	127	127	126
Thu Aug 17 12:21:08 2017	1502990468	0	127	127	124
Thu Aug 17 12:21:11 2017	1502990471	0	127	127	126
Thu Aug 17 12:21:08 2017	1502990468	0	127	127	125
Thu Aug 17 12:21:08 2017	1502990468	0	127	127	124
Thu Aug 17 12:21:09 2017	1502990469	0	127	127	124
Thu Aug 17 12:21:09 2017	1502990469	0	127	127	124
Thu Aug 17 12:21:08 2017	1502990468	0	127	127	124
Thu Aug 17 12:21:08 2017	1502990468	0	127	127	124
Thu Aug 17 12:21:09 2017	1502990469	0	127	127	126
Thu Aug 17 12:21:09 2017	1502990469	0	127	127	124
Thu Aug 17 12:21:08 2017	1502990468	0	127	127	124
Thu Aug 17 12:21:09 2017	1502990469	0	127	127	126
Thu Aug 17 12:21:09 2017	1502990469	0	127	127	125
Thu Aug 17 12:21:09 2017	1502990469	0	127	127	126
Thu Aug 17 12:21:08 2017	1502990468	0	127	127	126
Thu Aug 17 12:21:08 2017	1502990468	0	127	128	123
Thu Aug 17 12:21:08 2017	1502990468	0	127	128	123
Thu Aug 17 12:21:08 2017	1502990468	0	127	128	126
Thu Aug 17 12:21:08 2017	1502990468	0	128	128	126
Thu Aug 17 12:21:11 2017	1502990471	0	127	128	125
Thu Aug 17 12:21:08 2017	1502990468	0	128	128	125
Thu Aug 17 12:21:08 2017	1502990468	0	128	128	126
Thu Aug 17 12:21:09 2017	1502990469	0	128	128	127
Thu Aug 17 12:21:09 2017	1502990469	0	128	128	114
Thu Aug 17 12:21:09 2017	1502990469	0	128	128	126
Thu Aug 17 12:21:09 2017	1502990469	0	128	128	126
Thu Aug 17 12:21:09 2017	1502990469	0	128	128	124
Thu Aug 17 12:21:09 2017	1502990469	0	128	128	125
Thu Aug 17 12:21:08 2017	1502990468	0	128	128	126
Thu Aug 17 12:21:11 2017	1502990471	0	128	128	126
Thu Aug 17 12:21:09 2017	1502990469	0	128	128	115
Thu Aug 17 12:21:08 2017	1502990468	0	128	128	126
Thu Aug 17 12:21:09 2017	1502990469	0	128	128	125
Thu Aug 17 12:21:08 2017	1502990468	0	128	128	124
Thu Aug 17 12:21:09 2017	1502990469	0	128	128	126
Thu Aug 17 12:21:09 2017	1502990469	0	128	128	127
Thu Aug 17 12:21:08 2017	1502990468	0	128	128	127
Thu Aug 17 12:21:08 2017	1502990468	0	128	128	127
Thu Aug 17 12:21:08 2017	1502990468	0	128	128	124
Thu Aug 17 12:21:09 2017	1502990469	0	128	128	126
Thu Aug 17 12:21:08 2017	1502990468	0	128	128	124
Thu Aug 17 12:21:09 2017	1502990469	0	128	128	127
Thu Aug 17 12:21:08 2017	1502990468	0	128	128	125
Thu Aug 17 12:21:09 2017	1502990469	0	128	128	127
Thu Aug 17 12:21:09 2017	1502990469	0	128	128	125
Thu Aug 17 12:21:10 2017	1502990470	0	128	128	117
Thu Aug 17 12:21:10 2017	1502990470	0	128	128	113
Thu Aug 17 12:21:09 2017	1502990469	0	128	128	126
Thu Aug 17 12:21:09 2017	1502990469	0	128	128	125
Thu Aug 17 12:21:09 2017	1502990469	0	128	128	124
Thu Aug 17 12:21:08 2017	1502990468	0	128	128	125
Thu Aug 17 12:21:09 2017	1502990469	0	128	128	127
Thu Aug 17 12:21:08 2017	1502990468	0	128	128	125
Thu Aug 17 12:21:08 2017	1502990468	0	128	128	124
Thu Aug 17 12:21:08 2017	1502990468	0	128	128	124
Thu Aug 17 12:21:09 2017	1502990469	0	128	128	126
Thu Aug 17 12:21:09 2017	1502990469	0	128	128	125
Thu Aug 17 12:21:09 2017	1502990469	0	128	128	127
Thu Aug 17 12:21:09 2017	1502990469	0	128	128	124
Thu Aug 17 12:21:09 2017	1502990469	0	128	128	126
Thu Aug 17 12:21:09 2017	1502990469	0	128	128	126
Thu Aug 17 12:21:09 2017	1502990469	0	128	128	127
Thu Aug 17 12:21:09 2017	1502990469	0	128	128	127
Thu Aug 17 12:21:09 2017	1502990469	0	128	128	127
Thu Aug 17 12:21:09 2017	1502990469	0	128	128	127
Thu Aug 17 12:21:10 2017	1502990470	0	128	129	126
Thu Aug 17 12:21:09 2017	1502990469	0	128	129	126
Thu Aug 17 12:21:09 2017	1502990469	0	128	129	124
Thu Aug 17 12:21:09 2017	1502990469	0	129	129	125
Thu Aug 17 12:21:10 2017	1502990470	0	129	129	125
Thu Aug 17 12:21:10 2017	1502990470	0	128	129	114
Thu Aug 17 12:21:09 2017	1502990469	0	128	129	126
Thu Aug 17 12:21:10 2017	1502990470	0	129	129	125
Thu Aug 17 12:21:08 2017	1502990468	0	129	129	127
Thu Aug 17 12:21:10 2017	1502990470	0	129	129	128
Thu Aug 17 12:21:09 2017	1502990469	0	129	129	126
Thu Aug 17 12:21:08 2017	1502990468	0	129	129	123
Thu Aug 17 12:21:10 2017	1502990470	0	128	129	125
Thu Aug 17 12:21:08 2017	1502990468	0	129	129	127
Thu Aug 17 12:21:09 2017	1502990469	0	129	129	127
Thu Aug 17 12:21:10 2017	1502990470	0	129	129	128
Thu Aug 17 12:21:09 2017	1502990469	0	129	129	125
Thu Aug 17 12:21:10 2017	1502990470	0	129	129	126
Thu Aug 17 12:21:09 2017	1502990469	0	129	129	128
Thu Aug 17 12:21:10 2017	1502990470	0	129	129	127
Thu Aug 17 12:21:10 2017	1502990470	0	129	129	127
Thu Aug 17 12:21:10 2017	1502990470	0	129	129	125
Thu Aug 17 12:21:10 2017	1502990470	0	129	129	127
Thu Aug 17 12:21:09 2017	1502990469	0	129	129	127
Thu Aug 17 12:21:09 2017	1502990469	0	129	129	128
Thu Aug 17 12:21:08 2017	1502990468	0	129	129	128
Thu Aug 17 12:21:10 2017	1502990470	1	128	129	127
Thu Aug 17 12:21:09 2017	1502990469	0	129	129	128
Thu Aug 17 12:21:08 2017	1502990468	0	129	129	128
Thu Aug 17 12:21:09 2017	1502990469	0	129	129	126
Thu Aug 17 12:21:08 2017	1502990468	0	129	129	128
Thu Aug 17 12:21:08 2017	1502990468	0	129	129	126
Thu Aug 17 12:21:10 2017	1502990470	0	129	129	128
Thu Aug 17 12:21:10 2017	1502990470	0	129	129	127
Thu Aug 17 12:21:10 2017	1502990470	0	129	129	115
Thu Aug 17 12:21:10 2017	1502990470	0	129	129	127
Thu Aug 17 12:21:09 2017	1502990469	0	129	129	125
Thu Aug 17 12:21:08 2017	1502990468	0	129	129	128
Thu Aug 17 12:21:08 2017	1502990468	0	129	129	125
Thu Aug 17 12:21:10 2017	1502990470	0	129	129	125
Thu Aug 17 12:21:08 2017	1502990468	0	129	129	128
Thu Aug 17 12:21:11 2017	1502990471	0	129	129	127
Thu Aug 17 12:21:09 2017	1502990469	0	129	129	127
Thu Aug 17 12:21:08 2017	1502990468	0	129	129	125
Thu Aug 17 12:21:09 2017	1502990469	0	129	129	126
Thu Aug 17 12:21:10 2017	1502990470	0	129	129	128
Thu Aug 17 12:21:08 2017	1502990468	0	129	129	126
Thu Aug 17 12:21:08 2017	1502990468	0	129	129	125
Thu Aug 17 12:21:08 2017	1502990468	0	129	129	128
Thu Aug 17 12:21:08 2017	1502990468	0	129	129	125
Thu Aug 17 12:21:10 2017	1502990470	0	129	129	126
Thu Aug 17 12:21:10 2017	1502990470	0	129	129	125
Thu Aug 17 12:21:08 2017	1502990468	0	129	129	127
Thu Aug 17 12:21:08 2017	1502990468	0	129	129	125
Thu Aug 17 12:21:10 2017	1502990470	0	129	129	128
Thu Aug 17 12:21:08 2017	1502990468	0	129	129	126
Thu Aug 17 12:21:08 2017	1502990468	0	129	129	128
Thu Aug 17 12:21:08 2017	1502990468	0	129	129	128
Thu Aug 17 12:21:08 2017	1502990468	0	129	129	128
Thu Aug 17 12:21:09 2017	1502990469	0	129	129	127
Thu Aug 17 12:21:08 2017	1502990468	0	129	129	128
Thu Aug 17 12:21:08 2017	1502990468	0	129	129	125
Thu Aug 17 12:21:10 2017	1502990470	0	129	129	126
Thu Aug 17 12:21:10 2017	1502990470	0	129	129	128
Thu Aug 17 12:21:10 2017	1502990470	0	129	129	128
Thu Aug 17 12:21:08 2017	1502990468	0	129	129	128
Thu Aug 17 12:21:09 2017	1502990469	0	129	129	128
Thu Aug 17 12:21:10 2017	1502990470	0	129	129	128
Thu Aug 17 12:21:08 2017	1502990468	0	129	129	128
Thu Aug 17 12:21:10 2017	1502990470	0	129	129	128
Thu Aug 17 12:21:10 2017	1502990470	0	129	130	127
Thu Aug 17 12:21:09 2017	1502990469	0	129	130	114
Thu Aug 17 12:21:10 2017	1502990470	0	129	130	126
Thu Aug 17 12:21:09 2017	1502990469	0	129	130	127
Thu Aug 17 12:21:10 2017	1502990470	0	129	130	126
Thu Aug 17 12:21:08 2017	1502990468	0	129	130	126
Thu Aug 17 12:21:08 2017	1502990468	0	129	130	128
Thu Aug 17 12:21:08 2017	1502990468	0	130	130	125
Thu Aug 17 12:21:09 2017	1502990469	0	129	130	116
Thu Aug 17 12:21:09 2017	1502990469	0	130	130	128
Thu Aug 17 12:21:10 2017	1502990470	0	130	130	128
Thu Aug 17 12:21:08 2017	1502990468	0	130	130	128
Thu Aug 17 12:21:09 2017	1502990469	0	129	130	128
Thu Aug 17 12:21:08 2017	1502990468	0	130	130	128
Thu Aug 17 12:21:10 2017	1502990470	0	129	130	128
Thu Aug 17 12:21:09 2017	1502990469	0	130	130	129
Thu Aug 17 12:21:09 2017	1502990469	0	130	130	119
Thu Aug 17 12:21:08 2017	1502990468	0	130	130	129
Thu Aug 17 12:21:08 2017	1502990468	0	129	130	126
Thu Aug 17 12:21:10 2017	1502990470	0	130	130	128
Thu Aug 17 12:21:10 2017	1502990470	0	130	130	128
Thu Aug 17 12:21:08 2017	1502990468	0	130	130	126
Thu Aug 17 12:21:09 2017	1502990469	0	130	130	126
Thu Aug 17 12:21:09 2017	1502990469	0	130	130	128
Thu Aug 17 12:21:09 2017	1502990469	0	130	130	129
Thu Aug 17 12:21:09 2017	1502990469	0	130	130	126
Thu Aug 17 12:21:08 2017	1502990468	0	130	130	128
Thu Aug 17 12:21:09 2017	1502990469	0	130	130	127
Thu Aug 17 12:21:08 2017	1502990468	0	130	130	127
Thu Aug 17 12:21:09 2017	1502990469	0	130	130	127
Thu Aug 17 12:21:08 2017	1502990468	0	130	130	126
Thu Aug 17 12:21:09 2017	1502990469	0	130	130	129
Thu Aug 17 12:21:08 2017	1502990468	0	130	130	129
Thu Aug 17 12:21:08 2017	1502990468	0	130	130	128
Thu Aug 17 12:21:09 2017	1502990469	0	130	130	128
Thu Aug 17 12:21:09 2017	1502990469	0	130	130	127
Thu Aug 17 12:21:08 2017	1502990468	0	130	130	126
Thu Aug 17 12:21:09 2017	1502990469	0	130	130	128
Thu Aug 17 12:21:08 2017	1502990468	0	130	130	129
Thu Aug 17 12:21:09 2017	1502990469	0	130	130	126
Thu Aug 17 12:21:08 2017	1502990468	0	130	130	128
Thu Aug 17 12:21:08 2017	1502990468	0	130	130	129
Thu Aug 17 12:21:11 2017	1502990471	0	130	130	126
Thu Aug 17 12:21:09 2017	1502990469	0	130	130	129
Thu Aug 17 12:21:09 2017	1502990469	0	130	130	127
Thu Aug 17 12:21:08 2017	1502990468	0	130	130	129
Thu Aug 17 12:21:10 2017	1502990470	0	130	130	128
Thu Aug 17 12:21:08 2017	1502990468	0	130	130	128
Thu Aug 17 12:21:09 2017	1502990469	0	130	130	129
Thu Aug 17 12:21:09 2017	1502990469	0	130	130	129
Thu Aug 17 12:21:09 2017	1502990469	0	130	130	127
Thu Aug 17 12:21:08 2017	1502990468	0	130	130	128
Thu Aug 17 12:21:10 2017	1502990470	0	130	130	126
Thu Aug 17 12:21:10 2017	1502990470	0	130	130	127
Thu Aug 17 12:21:09 2017	1502990469	0	130	130	128
Thu Aug 17 12:21:09 2017	1502990469	0	130	130	127
Thu Aug 17 12:21:10 2017	1502990470	0	130	130	129
Thu Aug 17 12:21:08 2017	1502990468	0	130	130	128
Thu Aug 17 12:21:10 2017	1502990470	0	130	130	127
Thu Aug 17 12:21:10 2017	1502990470	0	130	131	127
Thu Aug 17 12:21:10 2017	1502990470	0	130	131	115
Thu Aug 17 12:21:10 2017	1502990470	0	130	131	129
Thu Aug 17 12:21:08 2017	1502990468	0	130	131	129
Thu Aug 17 12:21:08 2017	1502990468	0	130	131	128
Thu Aug 17 12:21:10 2017	1502990470	0	130	131	128
Thu Aug 17 12:21:08 2017	1502990468	0	130	131	129
Thu Aug 17 12:21:08 2017	1502990468	0	130	131	127
Thu Aug 17 12:21:10 2017	1502990470	0	131	131	129
Thu Aug 17 12:21:10 2017	1502990470	0	131	131	127
Thu Aug 17 12:21:09 2017	1502990469	0	131	131	128
Thu Aug 17 12:21:10 2017	1502990470	0	131	131	129
Thu Aug 17 12:21:10 2017	1502990470	0	131	131	129
Thu Aug 17 12:21:11 2017	1502990471	0	131	131	117
Thu Aug 17 12:21:10 2017	1502990470	0	131	131	128
Thu Aug 17 12:21:10 2017	1502990470	0	131	131	130
Thu Aug 17 12:21:10 2017	1502990470	0	131	131	128
Thu Aug 17 12:21:10 2017	1502990470	0	131	131	127
Thu Aug 17 12:21:11 2017	1502990471	0	131	131	130
Thu Aug 17 12:21:09 2017	1502990469	0	131	131	127
Thu Aug 17 12:21:10 2017	1502990470	0	131	131	118
Thu Aug 17 12:21:11 2017	1502990471	0	131	131	129
Thu Aug 17 12:21:11 2017	1502990471	0	131	131	129
Thu Aug 17 12:21:10 2017	1502990470	0	131	131	117
Thu Aug 17 12:21:10 2017	1502990470	0	131	131	129
Thu Aug 17 12:21:08 2017	1502990468	0	131	131	129
Thu Aug 17 12:21:09 2017	1502990469	0	131	131	128
Thu Aug 17 12:21:11 2017	1502990471	0	131	131	128
Thu Aug 17 12:21:08 2017	1502990468	0	131	131	130
Thu Aug 17 12:21:11 2017	1502990471	0	131	131	128
Thu Aug 17 12:21:08 2017	1502990468	0	131	131	129
Thu Aug 17 12:21:08 2017	1502990468	0	131	131	128
Thu Aug 17 12:21:10 2017	1502990470	0	131	131	128
Thu Aug 17 12:21:11 2017	1502990471	0	131	131	130
Thu Aug 17 12:21:08 2017	1502990468	0	131	131	127
Thu Aug 17 12:21:09 2017	1502990469	0	131	131	130
Thu Aug 17 12:21:09 2017	1502990469	0	131	131	128
Thu Aug 17 12:21:11 2017	1502990471	0	131	131	127
Thu Aug 17 12:21:08 2017	1502990468	0	131	131	119
Thu Aug 17 12:21:11 2017	1502990471	0	131	131	130
Thu Aug 17 12:21:10 2017	1502990470	0	131	131	129
Thu Aug 17 12:21:10 2017	1502990470	0	131	131	130
Thu Aug 17 12:21:10 2017	1502990470	0	131	131	128
Thu Aug 17 12:21:11 2017	1502990471	0	131	131	130
Thu Aug 17 12:21:08 2017	1502990468	0	131	131	120
Thu Aug 17 12:21:11 2017	1502990471	0	131	131	130
Thu Aug 17 12:21:10 2017	1502990470	0	131	131	118
Thu Aug 17 12:21:10 2017	1502990470	0	131	131	127
Thu Aug 17 12:21:10 2017	1502990470	0	131	131	128
Thu Aug 17 12:21:10 2017	1502990470	0	131	131	118
Thu Aug 17 12:21:11 2017	1502990471	0	131	131	130
Thu Aug 17 12:21:11 2017	1502990471	0	131	132	130
Thu Aug 17 12:21:11 2017	1502990471	0	131	132	130
Thu Aug 17 12:21:09 2017	1502990469	0	131	132	127
Thu Aug 17 12:21:11 2017	1502990471	0	131	132	119
Thu Aug 17 12:21:08 2017	1502990468	0	131	132	130
Thu Aug 17 12:21:11 2017	1502990471	1	131	132	128
Thu Aug 17 12:21:08 2017	1502990468	0	132	132	130
Thu Aug 17 12:21:08 2017	1502990468	0	131	132	128
Thu Aug 17 12:21:11 2017	1502990471	1	131	132	128
Thu Aug 17 12:21:11 2017	1502990471	0	132	132	116
Thu Aug 17 12:21:10 2017	1502990470	0	132	132	129
Thu Aug 17 12:21:11 2017	1502990471	0	132	132	129
Thu Aug 17 12:21:08 2017	1502990468	0	132	132	127
Thu Aug 17 12:21:11 2017	1502990471	0	132	132	131
Thu Aug 17 12:21:09 2017	1502990469	0	132	132	129
Thu Aug 17 12:21:08 2017	1502990468	0	132	132	131
Thu Aug 17 12:21:09 2017	1502990469	0	132	132	129
Thu Aug 17 12:21:11 2017	1502990471	0	132	132	131
Thu Aug 17 12:21:11 2017	1502990471	0	132	132	128
Thu Aug 17 12:21:11 2017	1502990471	0	132	132	118
Thu Aug 17 12:21:10 2017	1502990470	0	132	132	131
Thu Aug 17 12:21:10 2017	1502990470	0	132	132	131
Thu Aug 17 12:21:11 2017	1502990471	0	132	132	131
Thu Aug 17 12:21:11 2017	1502990471	0	132	132	128
Thu Aug 17 12:21:11 2017	1502990471	0	132	132	128
Thu Aug 17 12:21:11 2017	1502990471	0	132	132	128
Thu Aug 17 12:21:08 2017	1502990468	0	132	132	131
Thu Aug 17 12:21:11 2017	1502990471	0	132	132	131
Thu Aug 17 12:21:11 2017	1502990471	0	132	132	131
Thu Aug 17 12:21:11 2017	1502990471	0	132	132	128
Thu Aug 17 12:21:11 2017	1502990471	0	132	132	131
Thu Aug 17 12:21:09 2017	1502990469	0	132	132	129
Thu Aug 17 12:21:11 2017	1502990471	0	132	132	130
Thu Aug 17 12:21:11 2017	1502990471	0	132	132	129
Thu Aug 17 12:21:11 2017	1502990471	0	132	132	130
Thu Aug 17 12:21:11 2017	1502990471	0	132	132	129
Thu Aug 17 12:21:08 2017	1502990468	0	132	132	131
Thu Aug 17 12:21:11 2017	1502990471	0	132	132	116
Thu Aug 17 12:21:08 2017	1502990468	0	132	132	129
Thu Aug 17 12:21:11 2017	1502990471	0	132	132	131
Thu Aug 17 12:21:09 2017	1502990469	0	132	133	129
Thu Aug 17 12:21:08 2017	1502990468	0	132	133	131
Thu Aug 17 12:21:08 2017	1502990468	0	132	133	132
Thu Aug 17 12:21:10 2017	1502990470	0	132	133	129
Thu Aug 17 12:21:10 2017	1502990470	0	132	133	131
Thu Aug 17 12:21:09 2017	1502990469	0	132	133	129
Thu Aug 17 12:21:10 2017	1502990470	0	132	133	131
Thu Aug 17 12:21:11 2017	1502990471	0	133	133	131
Thu Aug 17 12:21:11 2017	1502990471	0	132	133	129
Thu Aug 17 12:21:09 2017	1502990469	0	132	133	131
Thu Aug 17 12:21:08 2017	1502990468	0	133	133	130
Thu Aug 17 12:21:11 2017	1502990471	0	133	133	131
Thu Aug 17 12:21:10 2017	1502990470	2	131	133	130
Thu Aug 17 12:21:07 2017	1502990467	0	133	133	132
Thu Aug 17 12:21:11 2017	1502990471	0	133	133	129
Thu Aug 17 12:21:08 2017	1502990468	0	133	133	132
Thu Aug 17 12:21:09 2017	1502990469	0	133	133	130
Thu Aug 17 12:21:08 2017	1502990468	0	133	133	121
Thu Aug 17 12:21:11 2017	1502990471	0	133	133	130
Thu Aug 17 12:21:08 2017	1502990468	0	133	133	132
Thu Aug 17 12:21:08 2017	1502990468	0	133	133	132
Thu Aug 17 12:21:11 2017	1502990471	0	133	133	130
Thu Aug 17 12:21:11 2017	1502990471	0	133	133	130
Thu Aug 17 12:21:08 2017	1502990468	0	133	133	130
Thu Aug 17 12:21:11 2017	1502990471	0	133	133	130
Thu Aug 17 12:21:08 2017	1502990468	0	133	133	132
Thu Aug 17 12:21:08 2017	1502990468	0	133	133	121
Thu Aug 17 12:21:08 2017	1502990468	0	133	133	123
Thu Aug 17 12:21:08 2017	1502990468	0	133	133	131
Thu Aug 17 12:21:11 2017	1502990471	0	133	133	132
Thu Aug 17 12:21:08 2017	1502990468	0	133	133	132
Thu Aug 17 12:21:08 2017	1502990468	0	133	134	129
Thu Aug 17 12:21:08 2017	1502990468	0	133	134	132
Thu Aug 17 12:21:08 2017	1502990468	0	133	134	130
Thu Aug 17 12:21:08 2017	1502990468	0	133	134	130
Thu Aug 17 12:21:11 2017	1502990471	0	134	134	119
Thu Aug 17 12:21:08 2017	1502990468	0	134	134	123
Thu Aug 17 12:21:08 2017	1502990468	0	134	134	132
Thu Aug 17 12:21:10 2017	1502990470	0	133	134	130
Thu Aug 17 12:21:08 2017	1502990468	0	134	134	130
Thu Aug 17 12:21:08 2017	1502990468	0	134	134	133
Thu Aug 17 12:21:07 2017	1502990467	0	134	134	133
Thu Aug 17 12:21:10 2017	1502990470	0	134	134	133
Thu Aug 17 12:21:10 2017	1502990470	0	134	134	131
Thu Aug 17 12:21:08 2017	1502990468	0	134	134	131
Thu Aug 17 12:21:08 2017	1502990468	0	134	135	132
Thu Aug 17 12:21:08 2017	1502990468	0	134	135	133
Thu Aug 17 12:21:08 2017	1502990468	0	134	135	131
Thu Aug 17 12:21:10 2017	1502990470	0	134	135	130
Thu Aug 17 12:21:08 2017	1502990468	0	135	135	131
Thu Aug 17 12:21:08 2017	1502990468	0	135	135	132
Thu Aug 17 12:21:08 2017	1502990468	0	135	135	133
Thu Aug 17 12:21:10 2017	1502990470	0	135	135	133
Thu Aug 17 12:21:08 2017	1502990468	0	135	135	131
Thu Aug 17 12:21:08 2017	1502990468	0	135	135	132
Thu Aug 17 12:21:11 2017	1502990471	0	135	135	133
Thu Aug 17 12:21:08 2017	1502990468	0	135	135	132
Thu Aug 17 12:21:07 2017	1502990467	0	135	135	133
Thu Aug 17 12:21:10 2017	1502990470	0	135	135	133
Thu Aug 17 12:21:10 2017	1502990470	0	135	135	134
Thu Aug 17 12:21:10 2017	1502990470	0	135	135	121
Thu Aug 17 12:21:10 2017	1502990470	0	135	135	134
Thu Aug 17 12:21:08 2017	1502990468	0	135	135	134
Thu Aug 17 12:21:07 2017	1502990467	0	135	135	132
Thu Aug 17 12:21:07 2017	1502990467	0	135	136	132
Thu Aug 17 12:21:07 2017	1502990467	0	135	136	131
Thu Aug 17 12:21:07 2017	1502990467	0	136	136	134
Thu Aug 17 12:21:08 2017	1502990468	0	135	136	133
Thu Aug 17 12:21:08 2017	1502990468	0	136	136	132
Thu Aug 17 12:21:08 2017	1502990468	0	136	136	124
Thu Aug 17 12:21:08 2017	1502990468	0	136	136	132
Thu Aug 17 12:21:10 2017	1502990470	0	136	136	133
Thu Aug 17 12:21:08 2017	1502990468	0	136	136	135
Thu Aug 17 12:21:08 2017	1502990468	0	136	136	135
Thu Aug 17 12:21:07 2017	1502990467	0	136	136	132
Thu Aug 17 12:21:07 2017	1502990467	0	136	136	132
Thu Aug 17 12:21:08 2017	1502990468	0	136	136	132
Thu Aug 17 12:21:07 2017	1502990467	0	136	136	135
Thu Aug 17 12:21:08 2017	1502990468	0	136	136	133
Thu Aug 17 12:21:10 2017	1502990470	0	136	136	135
Thu Aug 17 12:21:08 2017	1502990468	0	136	136	135
Thu Aug 17 12:21:07 2017	1502990467	0	136	136	133
Thu Aug 17 12:21:10 2017	1502990470	0	136	136	134
Thu Aug 17 12:21:08 2017	1502990468	0	136	136	133
Thu Aug 17 12:21:07 2017	1502990467	0	136	136	135
Thu Aug 17 12:21:07 2017	1502990467	0	136	137	135
Thu Aug 17 12:21:07 2017	1502990467	0	136	137	135
Thu Aug 17 12:21:10 2017	1502990470	0	136	137	134
Thu Aug 17 12:21:07 2017	1502990467	0	136	137	132
Thu Aug 17 12:21:08 2017	1502990468	0	136	137	133
Thu Aug 17 12:21:07 2017	1502990467	0	136	137	133
Thu Aug 17 12:21:07 2017	1502990467	0	136	137	135
Thu Aug 17 12:21:07 2017	1502990467	0	136	137	134
Thu Aug 17 12:21:07 2017	1502990467	0	136	137	135
Thu Aug 17 12:21:07 2017	1502990467	0	136	137	133
Thu Aug 17 12:21:07 2017	1502990467	0	137	137	133
Thu Aug 17 12:21:07 2017	1502990467	0	137	137	133
Thu Aug 17 12:21:07 2017	1502990467	0	137	137	136
Thu Aug 17 12:21:07 2017	1502990467	0	137	137	132
Thu Aug 17 12:21:07 2017	1502990467	0	137	137	134
Thu Aug 17 12:21:10 2017	1502990470	0	137	137	122
Thu Aug 17 12:21:07 2017	1502990467	0	137	138	136
Thu Aug 17 12:21:08 2017	1502990468	0	138	138	134
Thu Aug 17 12:21:08 2017	1502990468	0	138	138	134
Thu Aug 17 12:21:09 2017	1502990469	0	138	138	137
Thu Aug 17 12:21:09 2017	1502990469	0	138	138	137
Thu Aug 17 12:21:07 2017	1502990467	0	138	138	134
Thu Aug 17 12:21:08 2017	1502990468	0	138	138	137
Thu Aug 17 12:21:07 2017	1502990467	0	138	139	136
Thu Aug 17 12:21:08 2017	1502990468	0	139	139	135
Thu Aug 17 12:21:07 2017	1502990467	0	139	139	136
Thu Aug 17 12:21:07 2017	1502990467	0	139	139	135
Thu Aug 17 12:21:08 2017	1502990468	0	139	139	127
Thu Aug 17 12:21:09 2017	1502990469	0	139	139	138
Thu Aug 17 12:21:07 2017	1502990467	0	139	139	137
Thu Aug 17 12:21:08 2017	1502990468	0	139	139	127
Thu Aug 17 12:21:07 2017	1502990467	0	139	140	136
Thu Aug 17 12:21:07 2017	1502990467	0	140	140	136
Thu Aug 17 12:21:08 2017	1502990468	0	140	140	138
Thu Aug 17 12:21:09 2017	1502990469	0	140	140	137
Thu Aug 17 12:21:09 2017	1502990469	1	140	141	127
Thu Aug 17 12:21:09 2017	1502990469	0	141	141	138
Thu Aug 17 12:21:07 2017	1502990467	0	141	141	139
Thu Aug 17 12:21:09 2017	1502990469	0	141	141	136
Thu Aug 17 12:21:09 2017	1502990469	0	141	141	138
Thu Aug 17 12:21:07 2017	1502990467	0	141	142	137
Thu Aug 17 12:21:08 2017	1502990468	0	142	142	141
Thu Aug 17 12:21:09 2017	1502990469	0	142	142	140
Thu Aug 17 12:21:09 2017	1502990469	0	142	142	139
Thu Aug 17 12:21:09 2017	1502990469	0	142	142	141
Thu Aug 17 12:21:07 2017	1502990467	0	143	143	142
Thu Aug 17 12:21:07 2017	1502990467	0	143	143	142
Thu Aug 17 12:21:07 2017	1502990467	0	144	144	141
Thu Aug 17 12:21:07 2017	1502990467	0	144	144	141
Thu Aug 17 12:21:07 2017	1502990467	0	144	144	143
Thu Aug 17 12:21:07 2017	1502990467	0	145	145	143
Thu Aug 17 12:21:07 2017	1502990467	0	145	145	144
Thu Aug 17 12:21:07 2017	1502990467	0	145	145	132
Thu Aug 17 12:21:07 2017	1502990467	0	145	145	141
Thu Aug 17 12:21:07 2017	1502990467	0	145	145	141
Thu Aug 17 12:21:07 2017	1502990467	0	145	145	143
Thu Aug 17 12:21:07 2017	1502990467	0	145	145	144
Thu Aug 17 12:21:07 2017	1502990467	0	146	146	143
Thu Aug 17 12:21:07 2017	1502990467	0	146	146	143
Thu Aug 17 12:21:07 2017	1502990467	0	146	146	143
Thu Aug 17 12:21:07 2017	1502990467	0	146	146	142
Thu Aug 17 12:21:07 2017	1502990467	0	146	146	142
Thu Aug 17 12:21:07 2017	1502990467	0	146	146	143
Thu Aug 17 12:21:07 2017	1502990467	0	146	146	143
Thu Aug 17 12:21:07 2017	1502990467	0	147	147	146
Thu Aug 17 12:21:07 2017	1502990467	0	147	148	145
Thu Aug 17 12:21:07 2017	1502990467	0	148	148	144
Thu Aug 17 12:21:07 2017	1502990467	0	148	148	144
Thu Aug 17 12:21:07 2017	1502990467	0	149	149	147
Thu Aug 17 12:21:07 2017	1502990467	0	149	149	143
Thu Aug 17 12:21:07 2017	1502990467	0	159	159	157
Thu Aug 17 12:21:07 2017	1502990467	0	162	162	160
Thu Aug 17 12:21:07 2017	1502990467	0	162	163	157
Thu Aug 17 12:21:07 2017	1502990467	0	162	163	159
Thu Aug 17 12:21:07 2017	1502990467	0	163	163	159
Thu Aug 17 12:21:07 2017	1502990467	0	163	163	159
Thu Aug 17 12:21:07 2017	1502990467	0	163	163	158
Thu Aug 17 12:21:07 2017	1502990467	0	164	164	162
Thu Aug 17 12:21:07 2017	1502990467	0	164	165	163
Thu Aug 17 12:21:07 2017	1502990467	0	165	165	163
Thu Aug 17 12:21:07 2017	1502990467	0	164	165	159
Thu Aug 17 12:21:07 2017	1502990467	0	164	165	163
Thu Aug 17 12:21:07 2017	1502990467	0	165	165	161
Thu Aug 17 12:21:07 2017	1502990467	0	165	165	162
Thu Aug 17 12:21:07 2017	1502990467	0	165	165	159
Thu Aug 17 12:21:07 2017	1502990467	0	165	165	164
Thu Aug 17 12:21:07 2017	1502990467	0	165	165	163
Thu Aug 17 12:21:07 2017	1502990467	0	165	165	163
Thu Aug 17 12:21:07 2017	1502990467	0	165	165	161
Thu Aug 17 12:21:07 2017	1502990467	0	165	165	162
Thu Aug 17 12:21:07 2017	1502990467	0	165	165	163
Thu Aug 17 12:21:07 2017	1502990467	0	166	166	164
Thu Aug 17 12:21:07 2017	1502990467	0	166	166	162
Thu Aug 17 12:21:07 2017	1502990467	0	166	166	164
Thu Aug 17 12:21:07 2017	1502990467	0	166	166	164
Thu Aug 17 12:21:07 2017	1502990467	0	166	166	165
Thu Aug 17 12:21:07 2017	1502990467	0	166	166	161
Thu Aug 17 12:21:07 2017	1502990467	0	166	166	160
Thu Aug 17 12:21:07 2017	1502990467	0	167	167	165
Thu Aug 17 12:21:07 2017	1502990467	0	167	167	165
Thu Aug 17 12:21:07 2017	1502990467	0	167	167	163
Thu Aug 17 12:21:07 2017	1502990467	0	167	167	165
Thu Aug 17 12:21:07 2017	1502990467	0	167	167	161
Thu Aug 17 12:21:07 2017	1502990467	0	167	168	167
Thu Aug 17 12:21:07 2017	1502990467	1	167	168	164
Thu Aug 17 12:21:07 2017	1502990467	0	168	168	165
Thu Aug 17 12:21:07 2017	1502990467	0	168	168	167
Thu Aug 17 12:21:07 2017	1502990467	0	168	168	166
Thu Aug 17 12:21:07 2017	1502990467	0	168	169	166
Thu Aug 17 12:21:07 2017	1502990467	0	169	169	163
Thu Aug 17 12:21:07 2017	1502990467	0	169	169	164
Thu Aug 17 12:21:07 2017	1502990467	0	169	169	165
Thu Aug 17 12:21:07 2017	1502990467	0	169	169	160
Thu Aug 17 12:21:07 2017	1502990467	0	169	169	167
Thu Aug 17 12:21:07 2017	1502990467	0	169	169	164
Thu Aug 17 12:21:07 2017	1502990467	0	169	169	168
Thu Aug 17 12:21:07 2017	1502990467	0	170	170	168
Thu Aug 17 12:21:07 2017	1502990467	0	170	170	163
Thu Aug 17 12:21:07 2017	1502990467	0	170	170	168
Thu Aug 17 12:21:07 2017	1502990467	0	170	170	167
Thu Aug 17 12:21:07 2017	1502990467	0	170	170	166
Thu Aug 17 12:21:07 2017	1502990467	0	170	170	167
Thu Aug 17 12:21:07 2017	1502990467	0	170	170	166
Thu Aug 17 12:21:07 2017	1502990467	0	170	170	168
Thu Aug 17 12:21:07 2017	1502990467	0	170	170	165
Thu Aug 17 12:21:07 2017	1502990467	0	170	170	168
Thu Aug 17 12:21:07 2017	1502990467	0	170	170	169
Thu Aug 17 12:21:07 2017	1502990467	0	170	170	165
Thu Aug 17 12:21:07 2017	1502990467	0	170	170	168
Thu Aug 17 12:21:07 2017	1502990467	0	170	170	167
Thu Aug 17 12:21:07 2017	1502990467	0	170	170	166
Thu Aug 17 12:21:07 2017	1502990467	0	170	170	166
Thu Aug 17 12:21:07 2017	1502990467	0	171	171	169
Thu Aug 17 12:21:07 2017	1502990467	0	170	171	168
Thu Aug 17 12:21:07 2017	1502990467	0	171	171	169
Thu Aug 17 12:21:07 2017	1502990467	0	171	171	167
Thu Aug 17 12:21:07 2017	1502990467	0	171	171	169
Thu Aug 17 12:21:07 2017	1502990467	0	171	171	167
Thu Aug 17 12:21:07 2017	1502990467	0	171	171	168
Thu Aug 17 12:21:07 2017	1502990467	0	171	172	167
Thu Aug 17 12:21:07 2017	1502990467	0	172	172	170
Thu Aug 17 12:21:07 2017	1502990467	0	172	172	169
Thu Aug 17 12:21:07 2017	1502990467	0	172	172	169
Thu Aug 17 12:21:07 2017	1502990467	0	172	172	170
Thu Aug 17 12:21:07 2017	1502990467	0	172	172	170
Thu Aug 17 12:21:07 2017	1502990467	0	172	172	170
Thu Aug 17 12:21:07 2017	1502990467	0	173	173	171
Thu Aug 17 12:21:07 2017	1502990467	0	173	173	168
Thu Aug 17 12:21:07 2017	1502990467	0	173	173	172
Thu Aug 17 12:21:07 2017	1502990467	0	173	173	170
Thu Aug 17 12:21:07 2017	1502990467	0	173	173	166
Thu Aug 17 12:21:07 2017	1502990467	0	173	173	171
Thu Aug 17 12:21:07 2017	1502990467	0	173	173	169
Thu Aug 17 12:21:07 2017	1502990467	0	173	173	171
Thu Aug 17 12:21:07 2017	1502990467	0	173	173	171
Thu Aug 17 12:21:07 2017	1502990467	0	173	173	167
Thu Aug 17 12:21:07 2017	1502990467	0	173	173	172
Thu Aug 17 12:21:07 2017	1502990467	0	173	173	171
Thu Aug 17 12:21:07 2017	1502990467	0	173	173	165
Thu Aug 17 12:21:07 2017	1502990467	0	173	173	170
Thu Aug 17 12:21:07 2017	1502990467	0	173	173	170
Thu Aug 17 12:21:07 2017	1502990467	0	173	174	168
Thu Aug 17 12:21:07 2017	1502990467	0	174	174	168
Thu Aug 17 12:21:07 2017	1502990467	0	174	174	167
Thu Aug 17 12:21:07 2017	1502990467	0	174	174	172
Thu Aug 17 12:21:07 2017	1502990467	0	174	174	172
Thu Aug 17 12:21:07 2017	1502990467	0	174	174	166
Thu Aug 17 12:21:07 2017	1502990467	0	174	174	172
Thu Aug 17 12:21:07 2017	1502990467	0	174	174	172
Thu Aug 17 12:21:07 2017	1502990467	0	174	174	163
Thu Aug 17 12:21:07 2017	1502990467	0	174	174	170
Thu Aug 17 12:21:07 2017	1502990467	0	174	174	173
Thu Aug 17 12:21:07 2017	1502990467	0	174	174	172
Thu Aug 17 12:21:07 2017	1502990467	0	174	174	173
Thu Aug 17 12:21:07 2017	1502990467	0	174	174	170
Thu Aug 17 12:21:07 2017	1502990467	0	174	174	170
Thu Aug 17 12:21:07 2017	1502990467	0	174	174	170
Thu Aug 17 12:21:07 2017	1502990467	0	175	175	172
Thu Aug 17 12:21:07 2017	1502990467	0	174	175	169
Thu Aug 17 12:21:07 2017	1502990467	0	175	175	173
Thu Aug 17 12:21:07 2017	1502990467	0	175	175	174
Thu Aug 17 12:21:07 2017	1502990467	0	175	175	171
Thu Aug 17 12:21:07 2017	1502990467	0	175	175	173
Thu Aug 17 12:21:07 2017	1502990467	0	175	175	171
Thu Aug 17 12:21:07 2017	1502990467	0	175	176	174
Thu Aug 17 12:21:07 2017	1502990467	0	176	176	175
Thu Aug 17 12:21:07 2017	1502990467	0	176	176	174
Thu Aug 17 12:21:07 2017	1502990467	0	176	176	172
Thu Aug 17 12:21:07 2017	1502990467	0	175	176	174
Thu Aug 17 12:21:07 2017	1502990467	0	176	176	170
Thu Aug 17 12:21:07 2017	1502990467	0	175	176	174
Thu Aug 17 12:21:07 2017	1502990467	0	176	176	171
Thu Aug 17 12:21:07 2017	1502990467	0	176	176	173
Thu Aug 17 12:21:07 2017	1502990467	0	176	176	172
Thu Aug 17 12:21:07 2017	1502990467	0	176	176	170
Thu Aug 17 12:21:07 2017	1502990467	0	176	176	174
Thu Aug 17 12:21:07 2017	1502990467	0	176	176	175
Thu Aug 17 12:21:07 2017	1502990467	0	176	177	171
Thu Aug 17 12:21:07 2017	1502990467	0	176	177	169
Thu Aug 17 12:21:07 2017	1502990467	0	176	177	174
Thu Aug 17 12:21:07 2017	1502990467	0	176	177	175
Thu Aug 17 12:21:07 2017	1502990467	0	177	177	173
Thu Aug 17 12:21:07 2017	1502990467	0	177	177	175
Thu Aug 17 12:21:07 2017	1502990467	0	177	177	176
Thu Aug 17 12:21:07 2017	1502990467	0	177	177	175
Thu Aug 17 12:21:07 2017	1502990467	0	177	177	176
Thu Aug 17 12:21:07 2017	1502990467	0	177	177	164
Thu Aug 17 12:21:07 2017	1502990467	0	177	177	173
Thu Aug 17 12:21:07 2017	1502990467	0	177	177	164
Thu Aug 17 12:21:07 2017	1502990467	0	177	177	173
Thu Aug 17 12:21:07 2017	1502990467	0	177	177	170
Thu Aug 17 12:21:07 2017	1502990467	0	177	177	173
Thu Aug 17 12:21:07 2017	1502990467	0	177	177	173
Thu Aug 17 12:21:07 2017	1502990467	0	177	177	172
Thu Aug 17 12:21:07 2017	1502990467	0	177	177	175
Thu Aug 17 12:21:07 2017	1502990467	0	177	177	176
Thu Aug 17 12:21:07 2017	1502990467	0	177	177	171
Thu Aug 17 12:21:07 2017	1502990467	0	177	177	173
Thu Aug 17 12:21:07 2017	1502990467	0	178	178	176
Thu Aug 17 12:21:07 2017	1502990467	0	178	178	172
Thu Aug 17 12:21:07 2017	1502990467	0	178	178	176
Thu Aug 17 12:21:07 2017	1502990467	0	178	178	173
Thu Aug 17 12:21:07 2017	1502990467	0	178	178	173
Thu Aug 17 12:21:07 2017	1502990467	0	178	178	173
Thu Aug 17 12:21:07 2017	1502990467	0	178	178	176
Thu Aug 17 12:21:07 2017	1502990467	0	178	178	176
Thu Aug 17 12:21:07 2017	1502990467	0	178	178	177
Thu Aug 17 12:21:07 2017	1502990467	0	178	178	174
Thu Aug 17 12:21:07 2017	1502990467	0	178	178	174
Thu Aug 17 12:21:07 2017	1502990467	0	179	179	177
Thu Aug 17 12:21:07 2017	1502990467	0	179	179	177
Thu Aug 17 12:21:07 2017	1502990467	0	179	179	171
Thu Aug 17 12:21:07 2017	1502990467	0	179	179	175
Thu Aug 17 12:21:07 2017	1502990467	0	179	179	175
Thu Aug 17 12:21:07 2017	1502990467	0	179	179	172
Thu Aug 17 12:21:07 2017	1502990467	0	179	179	171
Thu Aug 17 12:21:07 2017	1502990467	0	179	179	176
Thu Aug 17 12:21:07 2017	1502990467	0	179	179	176
Thu Aug 17 12:21:07 2017	1502990467	0	179	179	178
Thu Aug 17 12:21:07 2017	1502990467	0	179	180	174
Thu Aug 17 12:21:07 2017	1502990467	0	180	180	178
Thu Aug 17 12:21:07 2017	1502990467	0	180	180	178
Thu Aug 17 12:21:07 2017	1502990467	0	180	180	175
Thu Aug 17 12:21:07 2017	1502990467	0	180	180	177
Thu Aug 17 12:21:07 2017	1502990467	0	180	180	175
Thu Aug 17 12:21:07 2017	1502990467	0	180	180	176
Thu Aug 17 12:21:07 2017	1502990467	0	180	180	173
Thu Aug 17 12:21:07 2017	1502990467	0	180	180	175
Thu Aug 17 12:21:07 2017	1502990467	0	180	180	177
Thu Aug 17 12:21:07 2017	1502990467	0	180	181	179
Thu Aug 17 12:21:07 2017	1502990467	0	181	181	177
Thu Aug 17 12:21:07 2017	1502990467	0	181	181	172
Thu Aug 17 12:21:07 2017	1502990467	0	181	181	179
Thu Aug 17 12:21:07 2017	1502990467	0	181	181	175
Thu Aug 17 12:21:07 2017	1502990467	0	181	181	177
Thu Aug 17 12:21:07 2017	1502990467	0	181	181	175
Thu Aug 17 12:21:07 2017	1502990467	0	182	182	178
Thu Aug 17 12:21:07 2017	1502990467	0	183	183	182
Thu Aug 17 12:21:07 2017	1502990467	0	183	183	177
Thu Aug 17 12:21:07 2017	1502990467	0	183	183	181
Thu Aug 17 12:21:07 2017	1502990467	0	183	183	178
Thu Aug 17 12:21:07 2017	1502990467	0	183	183	179
Thu Aug 17 12:21:07 2017	1502990467	0	183	184	181
Thu Aug 17 12:21:07 2017	1502990467	0	184	184	181
Thu Aug 17 12:21:07 2017	1502990467	0	184	184	183
Thu Aug 17 12:21:07 2017	1502990467	0	184	184	178
Thu Aug 17 12:21:07 2017	1502990467	0	184	184	178
Thu Aug 17 12:21:07 2017	1502990467	0	184	184	174
Thu Aug 17 12:21:07 2017	1502990467	0	184	184	181
Thu Aug 17 12:21:07 2017	1502990467	0	185	185	179
Thu Aug 17 12:21:07 2017	1502990467	0	185	185	179
Thu Aug 17 12:21:07 2017	1502990467	0	185	185	182
Thu Aug 17 12:21:07 2017	1502990467	0	186	187	183
Thu Aug 17 12:21:07 2017	1502990467	0	187	187	185
Thu Aug 17 12:21:07 2017	1502990467	0	188	188	185
Thu Aug 17 12:21:07 2017	1502990467	0	188	188	186
Thu Aug 17 12:21:07 2017	1502990467	0	188	188	184
Thu Aug 17 12:21:07 2017	1502990467	0	188	188	187
Thu Aug 17 12:21:07 2017	1502990467	0	188	188	187
Thu Aug 17 12:21:07 2017	1502990467	0	188	188	185
Thu Aug 17 12:21:07 2017	1502990467	0	188	189	186
Thu Aug 17 12:21:07 2017	1502990467	0	189	189	187
Thu Aug 17 12:21:07 2017	1502990467	0	188	189	173
Thu Aug 17 12:21:07 2017	1502990467	0	189	189	185
Thu Aug 17 12:21:07 2017	1502990467	0	189	189	184
Thu Aug 17 12:21:07 2017	1502990467	0	190	190	185
Thu Aug 17 12:21:07 2017	1502990467	0	190	190	188
Thu Aug 17 12:21:07 2017	1502990467	1	190	190	189
Thu Aug 17 12:21:07 2017	1502990467	0	190	191	188
Thu Aug 17 12:21:07 2017	1502990467	0	191	191	187
Thu Aug 17 12:21:07 2017	1502990467	0	191	191	186
Thu Aug 17 12:21:07 2017	1502990467	0	191	191	187
Thu Aug 17 12:21:07 2017	1502990467	0	192	192	182
Thu Aug 17 12:21:07 2017	1502990467	0	193	193	187
Thu Aug 17 12:21:07 2017	1502990467	0	194	194	192
Thu Aug 17 12:21:06 2017	1502990466	0	194	194	193
Thu Aug 17 12:21:07 2017	1502990467	0	195	195	194
Thu Aug 17 12:21:06 2017	1502990466	2	195	197	190
Thu Aug 17 12:21:06 2017	1502990466	1	195	197	191
Thu Aug 17 12:21:06 2017	1502990466	0	197	197	192
Thu Aug 17 12:21:07 2017	1502990467	0	198	198	197
Thu Aug 17 12:21:06 2017	1502990466	0	199	199	197
Thu Aug 17 12:21:06 2017	1502990466	0	199	199	197
Thu Aug 17 12:21:07 2017	1502990467	0	199	199	198
Thu Aug 17 12:21:06 2017	1502990466	0	199	200	196
Thu Aug 17 12:21:06 2017	1502990466	1	199	200	196
Thu Aug 17 12:21:06 2017	1502990466	0	200	200	197
Thu Aug 17 12:21:06 2017	1502990466	0	200	200	194
Thu Aug 17 12:21:06 2017	1502990466	0	201	201	199
Thu Aug 17 12:21:07 2017	1502990467	0	201	201	200
Thu Aug 17 12:21:07 2017	1502990467	0	203	203	188
Thu Aug 17 12:21:06 2017	1502990466	0	204	204	199
Thu Aug 17 12:21:06 2017	1502990466	0	204	204	202
Thu Aug 17 12:21:06 2017	1502990466	0	204	204	200
Thu Aug 17 12:21:06 2017	1502990466	0	204	204	198
Thu Aug 17 12:21:06 2017	1502990466	0	204	204	202
Thu Aug 17 12:21:06 2017	1502990466	1	204	204	200
Thu Aug 17 12:21:06 2017	1502990466	1	205	206	195
Thu Aug 17 12:21:06 2017	1502990466	0	207	207	203
Thu Aug 17 12:21:06 2017	1502990466	0	207	207	204
Thu Aug 17 12:21:06 2017	1502990466	0	212	212	208
Thu Aug 17 12:21:06 2017	1502990466	0	213	213	210
Thu Aug 17 12:21:06 2017	1502990466	0	213	213	211
Thu Aug 17 12:21:06 2017	1502990466	0	214	214	212
Thu Aug 17 12:21:06 2017	1502990466	0	215	215	210
Thu Aug 17 12:21:06 2017	1502990466	0	217	217	212
Thu Aug 17 12:21:06 2017	1502990466	0	217	217	211
Thu Aug 17 12:21:06 2017	1502990466	0	217	218	209
Thu Aug 17 12:21:06 2017	1502990466	0	218	218	212
Thu Aug 17 12:21:06 2017	1502990466	1	216	218	205
Thu Aug 17 12:21:06 2017	1502990466	0	219	219	212
Thu Aug 17 12:21:06 2017	1502990466	0	219	219	213
Thu Aug 17 12:21:06 2017	1502990466	0	219	220	217
Thu Aug 17 12:21:06 2017	1502990466	0	220	220	218
Thu Aug 17 12:21:06 2017	1502990466	0	220	220	216
Thu Aug 17 12:21:06 2017	1502990466	1	222	223	216
Thu Aug 17 12:21:06 2017	1502990466	0	225	225	223
Thu Aug 17 12:21:06 2017	1502990466	0	227	227	222
Thu Aug 17 12:21:06 2017	1502990466	0	227	227	225
Thu Aug 17 12:21:06 2017	1502990466	0	227	228	224
Thu Aug 17 12:21:06 2017	1502990466	0	228	228	225
Thu Aug 17 12:21:06 2017	1502990466	0	228	228	226
Thu Aug 17 12:21:06 2017	1502990466	0	228	228	227
Thu Aug 17 12:21:06 2017	1502990466	0	228	229	225
Thu Aug 17 12:21:06 2017	1502990466	0	228	229	226
Thu Aug 17 12:21:06 2017	1502990466	0	229	229	227
Thu Aug 17 12:21:06 2017	1502990466	1	228	229	221
Thu Aug 17 12:21:06 2017	1502990466	1	229	229	227
Thu Aug 17 12:21:06 2017	1502990466	0	229	229	226
Thu Aug 17 12:21:06 2017	1502990466	1	228	229	221
Thu Aug 17 12:21:06 2017	1502990466	0	230	230	223
Thu Aug 17 12:21:06 2017	1502990466	0	230	231	226
Thu Aug 17 12:21:06 2017	1502990466	0	231	231	225
Thu Aug 17 12:21:06 2017	1502990466	0	231	231	225
Thu Aug 17 12:21:06 2017	1502990466	0	231	231	229
Thu Aug 17 12:21:06 2017	1502990466	0	231	231	222
Thu Aug 17 12:21:06 2017	1502990466	0	231	232	227
Thu Aug 17 12:21:06 2017	1502990466	0	232	232	228
Thu Aug 17 12:21:06 2017	1502990466	0	232	232	230
Thu Aug 17 12:21:06 2017	1502990466	0	232	232	231
Thu Aug 17 12:21:06 2017	1502990466	0	232	232	230
Thu Aug 17 12:21:06 2017	1502990466	0	232	232	231
Thu Aug 17 12:21:06 2017	1502990466	0	232	233	230
Thu Aug 17 12:21:06 2017	1502990466	0	233	233	225
Thu Aug 17 12:21:06 2017	1502990466	0	233	233	231
Thu Aug 17 12:21:06 2017	1502990466	0	233	233	230
Thu Aug 17 12:21:06 2017	1502990466	0	233	233	223
Thu Aug 17 12:21:06 2017	1502990466	0	233	233	225
Thu Aug 17 12:21:06 2017	1502990466	0	233	233	230
Thu Aug 17 12:21:06 2017	1502990466	0	233	233	230
Thu Aug 17 12:21:06 2017	1502990466	1	232	233	228
Thu Aug 17 12:21:06 2017	1502990466	0	234	234	228
Thu Aug 17 12:21:06 2017	1502990466	0	235	235	232
Thu Aug 17 12:21:06 2017	1502990466	0	235	235	233
Thu Aug 17 12:21:06 2017	1502990466	0	236	236	229
Thu Aug 17 12:21:06 2017	1502990466	0	236	236	230
Thu Aug 17 12:21:06 2017	1502990466	0	236	236	234
Thu Aug 17 12:21:06 2017	1502990466	0	236	236	234
Thu Aug 17 12:21:06 2017	1502990466	0	236	236	234
Thu Aug 17 12:21:06 2017	1502990466	0	236	236	233
Thu Aug 17 12:21:06 2017	1502990466	0	236	237	235
Thu Aug 17 12:21:06 2017	1502990466	0	237	237	222
Thu Aug 17 12:21:06 2017	1502990466	0	238	238	230
Thu Aug 17 12:21:06 2017	1502990466	0	238	238	234
Thu Aug 17 12:21:06 2017	1502990466	0	238	238	233
Thu Aug 17 12:21:06 2017	1502990466	0	238	238	230
Thu Aug 17 12:21:06 2017	1502990466	0	238	238	230
Thu Aug 17 12:21:06 2017	1502990466	0	238	238	237
Thu Aug 17 12:21:06 2017	1502990466	0	238	238	236
Thu Aug 17 12:21:06 2017	1502990466	0	239	239	233
Thu Aug 17 12:21:06 2017	1502990466	0	239	240	224
Thu Aug 17 12:21:06 2017	1502990466	0	240	240	237
Thu Aug 17 12:21:06 2017	1502990466	0	240	240	237
Thu Aug 17 12:21:06 2017	1502990466	0	240	240	233
Thu Aug 17 12:21:06 2017	1502990466	0	240	240	237
Thu Aug 17 12:21:06 2017	1502990466	0	240	240	233
Thu Aug 17 12:21:06 2017	1502990466	0	241	241	235
Thu Aug 17 12:21:06 2017	1502990466	0	240	241	234
Thu Aug 17 12:21:06 2017	1502990466	0	242	242	239
Thu Aug 17 12:21:06 2017	1502990466	0	242	242	239
Thu Aug 17 12:21:06 2017	1502990466	0	242	242	235
Thu Aug 17 12:21:06 2017	1502990466	1	242	243	232
Thu Aug 17 12:21:06 2017	1502990466	0	243	243	236
Thu Aug 17 12:21:06 2017	1502990466	0	244	244	238
Thu Aug 17 12:21:06 2017	1502990466	0	243	244	237
Thu Aug 17 12:21:06 2017	1502990466	0	244	244	239
Thu Aug 17 12:21:06 2017	1502990466	0	245	245	234
Thu Aug 17 12:21:06 2017	1502990466	1	244	245	242
Thu Aug 17 12:21:06 2017	1502990466	0	248	249	241
Thu Aug 17 12:21:06 2017	1502990466	0	251	251	247
Thu Aug 17 12:21:06 2017	1502990466	1	250	251	244
Thu Aug 17 12:21:06 2017	1502990466	1	250	251	244
Thu Aug 17 12:21:06 2017	1502990466	1	254	255	250
Thu Aug 17 12:21:06 2017	1502990466	1	262	262	254
Thu Aug 17 12:21:06 2017	1502990466	1	269	269	261
Thu Aug 17 12:21:06 2017	1502990466	1	275	276	266
Thu Aug 17 12:21:06 2017	1502990466	1	275	276	269
Thu Aug 17 12:21:06 2017	1502990466	1	277	278	275
Thu Aug 17 12:21:06 2017	1502990466	1	284	285	277
Thu Aug 17 12:21:06 2017	1502990466	1	287	288	284
Thu Aug 17 12:21:06 2017	1502990466	1	292	293	286
Thu Aug 17 12:21:06 2017	1502990466	1	293	294	287
Thu Aug 17 12:21:06 2017	1502990466	1	294	294	292
Thu Aug 17 12:21:06 2017	1502990466	1	298	299	294
Thu Aug 17 12:21:06 2017	1502990466	1	306	306	298
Thu Aug 17 12:21:06 2017	1502990466	1	309	309	304
Thu Aug 17 12:21:06 2017	1502990466	1	309	309	306
Thu Aug 17 12:21:06 2017	1502990466	1	314	315	308
Thu Aug 17 12:21:06 2017	1502990466	1	316	317	314
Thu Aug 17 12:21:06 2017	1502990466	1	328	329	316
Thu Aug 17 12:21:06 2017	1502990466	1	331	332	324
Thu Aug 17 12:21:06 2017	1502990466	1	331	332	328
Thu Aug 17 12:21:06 2017	1502990466	1	336	336	331
Thu Aug 17 12:21:06 2017	1502990466	1	341	342	336
Thu Aug 17 12:21:06 2017	1502990466	1	343	344	341
Thu Aug 17 12:21:06 2017	1502990466	1	348	349	343
Thu Aug 17 12:21:06 2017	1502990466	1	348	349	343
Thu Aug 17 12:21:06 2017	1502990466	0	350	350	348
Thu Aug 17 12:21:06 2017	1502990466	0	359	359	350
Thu Aug 17 12:21:06 2017	1502990466	0	361	361	359
Thu Aug 17 12:21:06 2017	1502990466	0	366	367	360
Thu Aug 17 12:21:06 2017	1502990466	0	366	367	361
Thu Aug 17 12:21:06 2017	1502990466	0	368	368	366
Thu Aug 17 12:21:06 2017	1502990466	0	374	375	368
Thu Aug 17 12:21:06 2017	1502990466	0	376	377	374
Thu Aug 17 12:21:06 2017	1502990466	0	381	381	376
Thu Aug 17 12:21:06 2017	1502990466	0	387	387	381
Thu Aug 17 12:21:06 2017	1502990466	0	392	392	386
Thu Aug 17 12:21:06 2017	1502990466	0	392	392	386
Thu Aug 17 12:21:06 2017	1502990466	0	393	394	392
